"活动ID","活动名称","网站ID","网站名称","下单时间","订单编号","商品类别","商品编号","收订订单数","收订订单金额","确认时间","有效订单数","有效订单金额","业绩状态","业绩类型","预计佣金","确认佣金","反馈标签","是否超级返推广"
"254","京东CPS","732204","购物客91jili","2014-04-15 13:19:44","1312512205'","0","","1","168.00000","2014-12-05 10:47:35","0","0.00000","无效","正常","2.20000","0.0000","1094007","否"
"139","1号店CPS","732204","购物客91jili","2014-04-15 13:29:45","140415MPE7C7'","8060","","1","41.90000","2014-06-27 14:33:37","0","0.00000","无效","正常","1.17320","0.0000","1057639","否"
"139","1号店CPS","732204","购物客91jili","2014-04-15 13:29:45","140415MPE7C7'","8050","","1","8.90000","2014-06-27 14:33:37","0","0.00000","无效","正常","0.18690","0.0000","1057639","否"
"254","京东CPS","732204","购物客91jili","2014-04-15 13:55:33","1312513543'","0","","1","559.00000","2014-12-05 10:47:35","0","0.00000","无效","正常","4.00000","0.0000","1094007","否"
"254","京东CPS","732204","购物客91jili","2014-04-15 13:59:50","1312535834'","0","","1","1799.00000","2014-12-05 10:47:35","0","0.00000","无效","正常","6.40000","0.0000","1094007","否"
"254","京东CPS","732204","购物客91jili","2014-04-15 14:09:19","1312533756'","0","","1","2298.00000","2014-12-05 10:47:35","0","0.00000","无效","正常","7.20000","0.0000","1094007","否"
"254","京东CPS","732204","购物客91jili","2014-04-15 14:26:00","1312668741'","0","","1","1998.00000","2014-12-05 10:47:35","0","0.00000","无效","正常","6.40000","0.0000","1094007","否"
"254","京东CPS","732204","购物客91jili","2014-04-15 15:58:39","1312855002'","0","","1","559.00000","2014-12-05 10:47:35","0","0.00000","无效","正常","4.00000","0.0000","105","否"
"254","京东CPS","732204","购物客91jili","2014-04-15 16:23:40","1312920126'","0","","1","1799.00000","2014-12-05 10:47:35","0","0.00000","无效","正常","6.40000","0.0000","105","否"
"4330","易迅cps","732204","购物客91jili","2014-04-15 16:50:07","1077382339'","T1","681656","1","1259.00000","2014-06-10 18:05:54","0","0.00000","无效","正常","2.64390","0.0000","105","否"
"254","京东CPS","732204","购物客91jili","2014-04-15 18:14:44","1313172666'","0","","1","799.00000","2014-12-05 10:47:35","0","0.00000","无效","正常","4.00000","0.0000","105","否"
"254","京东CPS","732204","购物客91jili","2014-04-15 18:40:57","1313193052'","14","","1","49.00000","2014-05-30 13:27:24","1","81.66667","有效","正常","0.58800","0.98000","1050453","否"
"139","1号店CPS","732204","购物客91jili","2014-04-15 18:54:29","140415RPHTUM'","0000","","1","96.30000","2014-06-27 14:33:37","0","0.00000","无效","正常","0.00000","0.0000","1086318","否"
"6951","1号商城CPS","732204","购物客91jili","2014-04-15 18:55:26","140415FPHU37'","8060","","1","76.80000","2014-06-27 18:28:41","1","76.80000","有效","正常","1.61280","1.61280","107","否"
"254","京东CPS","732204","购物客91jili","2014-04-15 21:16:54","1313552407'","10","","1","119.00000","2014-05-30 12:58:50","1","119.00000","有效","正常","0.95200","0.95200","1107122","否"
"254","京东CPS","732204","购物客91jili","2014-04-15 21:33:44","1313606930'","0","","1","3999.00000","2014-12-05 10:47:35","0","0.00000","无效","正常","8.80000","0.0000","1132883","否"
"247","当当CPS","732204","购物客91jili","2014-04-15 22:01:31","7810431600'","出版物","","1","49.00000","2014-06-19 15:37:34","1","49.00000","有效","正常","0.98000","0.98000","1057552","否"
"254","京东CPS","732204","购物客91jili","2014-04-15 22:05:17","1313688695'","14","","1","1099.00000","2014-11-24 19:37:48","1","1099.00000","有效","正常","13.18800","13.18800","1113311","否"
"254","京东CPS","732204","购物客91jili","2014-04-15 22:33:35","1313778962'","0","","1","7599.00000","2014-12-05 10:47:35","0","0.00000","无效","正常","10.80000","0.0000","1132883","否"
"254","京东CPS","732204","购物客91jili","2014-04-15 22:49:09","1313895409'","0","","1","1164.72000","2014-12-05 10:47:35","0","0.00000","无效","正常","6.00000","0.0000","1132883","否"
"254","京东CPS","732204","购物客91jili","2014-04-15 22:49:09","1313895409'","14","","1","2233.28000","2014-12-05 10:47:35","0","0.00000","无效","正常","26.79940","0.0000","1132883","否"
"254","京东CPS","732204","购物客91jili","2014-04-15 22:53:34","1313824195'","14","","1","109.00000","2014-12-05 10:47:35","0","0.00000","无效","正常","1.30800","0.0000","1132883","否"
"254","京东CPS","732204","购物客91jili","2014-04-15 22:54:34","1313809596'","14","","1","129.00000","2014-12-05 10:47:35","0","0.00000","无效","正常","1.54800","0.0000","1132883","否"
"6858","亚马逊返点站CPS","732204","购物客91jili","2014-04-16 00:00:00","C02-0429305-1928065'","基本","B004SKMO9I","1","138.34000","2014-06-29 18:29:40","1","2.08000","有效","正常","1.45600","1.45600","1054254","否"
"6198","大众点评CPS","732204","购物客91jili","2014-04-16 00:00:00","241784181'","A","291826076","1","19.90000","2014-09-26 17:46:52","1","19.90000","有效","正常","0.69650","0.69650","1054605","否"
"6198","大众点评CPS","732204","购物客91jili","2014-04-16 00:00:00","241784181'","A","291826077","1","19.90000","2014-09-26 17:46:52","1","19.90000","有效","正常","0.69650","0.69650","1054605","否"
"247","当当CPS","732204","购物客91jili","2014-04-16 06:03:47","7811821869'","出版物","","1","14.40000","","0","0.00000","无效","正常","0.28800","0.0000","1102067","否"
"247","当当CPS","732204","购物客91jili","2014-04-16 06:15:25","7811827389'","出版物","","1","14.40000","","0","0.00000","无效","正常","0.28800","0.0000","1102067","否"
"247","当当CPS","732204","购物客91jili","2014-04-16 06:15:59","7811827629'","出版物","","1","14.40000","","0","0.00000","无效","正常","0.28800","0.0000","1102067","否"
"247","当当CPS","732204","购物客91jili","2014-04-16 06:29:42","7811834249'","出版物","","1","14.40000","2014-06-19 15:37:34","1","14.40000","有效","正常","0.28800","0.28800","1102067","否"
"254","京东CPS","732204","购物客91jili","2014-04-16 08:11:35","1314258049'","14","","1","399.00000","2014-12-05 10:50:41","0","0.00000","无效","正常","4.78800","0.0000","1132883","否"
"254","京东CPS","732204","购物客91jili","2014-04-16 08:12:40","1314259137'","14","","1","79.00000","2014-12-05 10:50:41","0","0.00000","无效","正常","0.94800","0.0000","1132883","否"
"254","京东CPS","732204","购物客91jili","2014-04-16 08:16:03","1314262445'","0","","1","1549.00000","2014-12-05 10:50:41","0","0.00000","无效","正常","6.40000","0.0000","1132883","否"
"254","京东CPS","732204","购物客91jili","2014-04-16 09:39:09","1314396973'","14","","1","109.00000","2014-05-30 13:27:24","1","109.00000","有效","正常","1.30800","1.30800","1090251","否"
"4330","易迅cps","732204","购物客91jili","2014-04-16 10:49:23","1077468227'","C1","371375","1","29.00000","2014-05-26 15:41:18","1","29.00000","有效","正常","0.40600","0.40600","","否"
"17290","阿窝团购划算专用","732204","购物客91jili","2014-04-16 10:55:14","10036801'","精品网购","36446","1","49.90000","2014-05-20 14:49:18","1","49.90000","有效","正常","5.23950","5.23950","1113395_105ea9f34445d","否"
"254","京东CPS","732204","购物客91jili","2014-04-16 11:01:04","1314531603'","0","","1","69.00000","2014-12-05 10:50:41","0","0.00000","无效","正常","0.00000","0.0000","1075247","否"
"254","京东CPS","732204","购物客91jili","2014-04-16 11:50:45","1314684716'","0","","1","197.00000","2014-05-30 11:17:08","1","197.00000","有效","正常","2.20000","2.20000","1064710","否"
"254","京东CPS","732204","购物客91jili","2014-04-16 12:45:00","1314893229'","5","","1","119.00000","2014-05-30 14:00:33","1","159.50000","有效","正常","0.95200","1.27600","1064710","否"
"254","京东CPS","732204","购物客91jili","2014-04-16 12:45:00","1314893229'","7","","1","23.00000","2014-12-05 10:50:41","0","0.00000","无效","正常","0.32200","0.0000","1064710","否"
"254","京东CPS","732204","购物客91jili","2014-04-16 13:58:44","1315054589'","14","","1","100.00000","2014-11-24 19:37:48","1","100.00000","有效","正常","1.20000","1.20000","105","否"
"6198","大众点评CPS","732204","购物客91jili","2014-04-16 14:03:37","241784181'","A","","1","39.80000","2014-09-15 15:07:56","0","0.00000","无效","正常","1.39300","0.0000","1054605","否"
"6198","大众点评CPS","732204","购物客91jili","2014-04-16 14:03:37","241784181'","A","291826076","1","19.90000","2014-09-15 15:07:56","0","0.00000","无效","正常","0.69650","0.0000","1054605","否"
"6198","大众点评CPS","732204","购物客91jili","2014-04-16 14:03:37","241784181'","A","291826077","1","19.90000","2014-09-15 15:07:56","0","0.00000","无效","正常","0.69650","0.0000","1054605","否"
"254","京东CPS","732204","购物客91jili","2014-04-16 14:36:31","1315061211'","9","","1","985.86000","2014-12-05 10:50:41","0","0.00000","无效","正常","15.77380","0.0000","1072747","否"
"254","京东CPS","732204","购物客91jili","2014-04-16 14:36:31","1315061211'","14","","1","1256.53000","2014-12-05 10:50:41","0","0.00000","无效","正常","15.07840","0.0000","1072747","否"
"254","京东CPS","732204","购物客91jili","2014-04-16 14:36:31","1315061211'","5","","1","26.41000","2014-12-05 10:50:41","0","0.00000","无效","正常","0.21130","0.0000","1072747","否"
"254","京东CPS","732204","购物客91jili","2014-04-16 14:36:31","1315071972'","14","","1","188.00000","2014-05-30 13:27:24","1","188.00000","有效","正常","2.25600","2.25600","1072747","否"
"254","京东CPS","732204","购物客91jili","2014-04-16 14:36:31","1315071976'","14","","1","170.00000","2014-05-30 13:27:24","1","170.00000","有效","正常","2.04000","2.04000","1072747","否"
"254","京东CPS","732204","购物客91jili","2014-04-16 14:36:31","1315092787'","9","","1","1205.20000","2014-05-30 14:00:33","1","1205.25000","有效","正常","19.28320","19.28400","1072747","否"
"254","京东CPS","732204","购物客91jili","2014-04-16 14:36:31","1315092779'","14","","1","207.00000","2014-05-30 13:27:24","1","207.00000","有效","正常","2.48400","2.48400","1072747","否"
"254","京东CPS","732204","购物客91jili","2014-04-16 14:36:31","1315176385'","14","","1","478.80000","2014-11-24 19:37:48","1","478.80000","有效","正常","5.74560","5.74560","1072747","否"
"254","京东CPS","732204","购物客91jili","2014-04-16 14:36:31","1315176389'","5","","1","19.80000","2014-05-30 14:00:33","1","20.00000","有效","正常","0.15840","0.16000","1072747","否"
"247","当当CPS","732204","购物客91jili","2014-04-16 15:35:39","7815101866'","出版物","","1","288.00000","2014-06-19 15:37:34","1","286.00000","有效","正常","5.76000","5.72000","1133384","否"
"247","当当CPS","732204","购物客91jili","2014-04-16 15:39:50","7815138527'","出版物","","1","37.20000","2014-06-19 15:37:34","1","37.20000","有效","正常","0.74400","0.74400","1122000","否"
"247","当当CPS","732204","购物客91jili","2014-04-16 15:39:50","7815138507'","出版物","","1","200.00000","2014-06-19 15:37:34","1","150.00000","有效","正常","4.00000","3.00000","1122000","否"
"247","当当CPS","732204","购物客91jili","2014-04-16 16:06:03","7815368668'","出版物","","1","46.40000","2014-06-19 15:37:34","1","46.40000","有效","正常","0.92800","0.92800","1057556","否"
"254","京东CPS","732204","购物客91jili","2014-04-16 16:26:12","1315327215'","14","","1","0.00000","2014-12-05 10:50:41","0","0.00000","无效","正常","0.00000","0.0000","1086647","否"
"254","京东CPS","732204","购物客91jili","2014-04-16 16:26:12","1315352663'","14","","1","2.90000","2014-05-30 13:27:24","1","3.00000","有效","正常","0.03480","0.03600","1086647","否"
"254","京东CPS","732204","购物客91jili","2014-04-16 16:26:12","1315436809'","14","","1","0.00000","2014-12-05 10:50:41","0","0.00000","无效","正常","0.00000","0.0000","1086647","否"
"247","当当CPS","732204","购物客91jili","2014-04-16 16:31:12","7815601725'","出版物","","1","12.00000","","0","0.00000","无效","正常","0.24000","0.0000","1103116","否"
"247","当当CPS","732204","购物客91jili","2014-04-16 16:31:12","7815601745'","电脑办公","","1","30.00000","","0","0.00000","无效","正常","0.00000","0.0000","1103116","否"
"6951","1号商城CPS","732204","购物客91jili","2014-04-16 17:42:22","140416JPU3JW'","8060","","1","49.00000","2014-06-27 18:28:41","1","49.00000","有效","正常","1.02900","1.02900","1076083","否"
"17287","荷包团购划算专用","732204","购物客91jili","2014-04-16 19:38:04","194747'","基本","","1","45.00000","2014-06-04 13:38:21","0","0.00000","无效","正常","9.45000","0.0000","1133146_1054013a2a0c6","否"
"139","1号店CPS","732204","购物客91jili","2014-04-16 20:24:37","140416JPVJ5L'","8020","","1","98.80000","2014-06-27 14:33:37","0","0.00000","无效","正常","2.12420","0.0000","1117067","否"
"139","1号店CPS","732204","购物客91jili","2014-04-16 20:24:37","140416JPVJ5L'","8060","","1","9.40000","2014-06-27 14:33:37","0","0.00000","无效","正常","0.26320","0.0000","1117067","否"
"139","1号店CPS","732204","购物客91jili","2014-04-16 20:37:35","140416JPVNR2'","8020","","1","98.80000","2014-06-27 14:33:37","0","0.00000","无效","正常","2.12420","0.0000","1117067","否"
"139","1号店CPS","732204","购物客91jili","2014-04-16 20:37:35","140416JPVNR2'","8060","","1","9.40000","2014-06-27 14:33:37","0","0.00000","无效","正常","0.26320","0.0000","1117067","否"
"139","1号店CPS","732204","购物客91jili","2014-04-16 20:40:25","140416JPVPSE'","8020","","1","98.80000","2014-06-27 14:09:56","1","98.80000","有效","正常","2.12420","2.12420","1117067","否"
"139","1号店CPS","732204","购物客91jili","2014-04-16 20:40:25","140416JPVPSE'","8060","","1","9.40000","2014-06-27 14:09:56","1","9.40000","有效","正常","0.26320","0.26320","1117067","否"
"6951","1号商城CPS","732204","购物客91jili","2014-04-16 21:01:04","140416APVXJT'","8010","","1","28.00000","2014-06-27 18:28:41","1","28.00000","有效","正常","1.17600","1.17600","1131437","否"
"6198","大众点评CPS","732204","购物客91jili","2014-04-16 21:46:33","242077588'","A","","1","80.00000","2014-09-15 15:07:56","0","0.00000","无效","正常","2.80000","0.0000","1051942","否"
"6198","大众点评CPS","732204","购物客91jili","2014-04-16 21:46:33","242077588'","A","292084806","1","80.00000","2014-05-30 17:28:42","1","80.00000","有效","正常","2.80000","2.80000","1051942","否"
"4330","易迅cps","732204","购物客91jili","2014-04-16 22:02:13","1077535996'","C1","91664","1","22.90000","2014-05-26 15:41:18","1","17.90000","有效","正常","0.32060","0.25060","1092787","否"
"6858","亚马逊返点站CPS","732204","购物客91jili","2014-04-17 00:00:00","C01-0366495-0248826'","基本","B000FQVR24","1","63.00000","2014-09-11 13:39:41","1","0.95000","无效","正常","0.66500","0.0000","1086647","否"
"6858","亚马逊返点站CPS","732204","购物客91jili","2014-04-17 00:00:00","C01-9079157-0044028'","基本","B006GKKPIA","1","33.30000","2014-09-11 13:39:41","1","1.00000","无效","正常","0.70000","0.0000","1086647","否"
"6858","亚马逊返点站CPS","732204","购物客91jili","2014-04-17 00:00:00","C01-9079157-0044028'","基本","B00BCE188G","1","18.00000","2014-09-11 13:39:41","1","0.54000","无效","正常","0.37800","0.0000","1086647","否"
"6858","亚马逊返点站CPS","732204","购物客91jili","2014-04-17 00:00:00","C01-7233113-5668024'","基本","B00HIUPDMK","1","500.00000","2014-09-11 13:39:41","1","0.00000","无效","正常","0.00000","0.0000","1089637","否"
"254","京东CPS","732204","购物客91jili","2014-04-17 10:21:44","1316846766'","3","","1","28.40000","2014-05-30 14:00:33","1","28.50000","有效","正常","0.45440","0.45600","","否"
"6198","大众点评CPS","732204","购物客91jili","2014-04-17 11:27:34","242235643'","A","","1","2397.00000","2014-09-15 15:07:56","0","0.00000","无效","正常","83.89500","0.0000","1084800","否"
"6198","大众点评CPS","732204","购物客91jili","2014-04-17 11:27:34","242235643'","A","292202184","1","799.00000","2014-05-30 17:28:42","1","799.00000","有效","正常","27.96500","27.96500","1084800","否"
"6198","大众点评CPS","732204","购物客91jili","2014-04-17 11:27:34","242235643'","A","292202186","1","799.00000","2014-05-30 17:28:42","1","799.00000","有效","正常","27.96500","27.96500","1084800","否"
"6198","大众点评CPS","732204","购物客91jili","2014-04-17 11:27:34","242235643'","A","292202187","1","799.00000","2014-05-30 17:28:42","1","799.00000","有效","正常","27.96500","27.96500","1084800","否"
"254","京东CPS","732204","购物客91jili","2014-04-17 14:10:44","1318684552'","9","","1","25.60000","2014-05-30 14:00:33","1","25.50000","有效","正常","0.40960","0.40800","1054605","否"
"254","京东CPS","732204","购物客91jili","2014-04-17 15:53:25","1319048337'","0","","1","49.00000","2014-12-05 10:50:41","0","0.00000","无效","正常","0.00000","0.0000","1133622","否"
"254","京东CPS","732204","购物客91jili","2014-04-17 16:36:56","1319081395'","14","","1","2.50000","2014-12-05 10:50:41","0","0.00000","无效","正常","0.03000","0.0000","1056081","否"
"6951","1号商城CPS","732204","购物客91jili","2014-04-17 16:52:53","140417JQ56Q8'","8030","","1","189.00000","2014-06-27 18:28:41","1","189.00000","有效","正常","2.64600","2.64600","1060057","否"
"247","当当CPS","732204","购物客91jili","2014-04-17 17:09:49","7823643363'","出版物--$--银卡会员","","1","252.20000","2014-06-19 15:37:34","1","202.20000","有效","正常","5.04400","4.04400","1051942","否"
"139","1号店CPS","732204","购物客91jili","2014-04-17 17:26:15","140417TQ5K4H'","8070","","1","80.00000","2014-06-27 14:09:56","1","80.00000","有效","正常","2.28000","2.28000","1056946","否"
"139","1号店CPS","732204","购物客91jili","2014-04-17 17:26:15","140417TQ5K4H'","8002","","1","35.90000","2014-06-27 14:09:56","1","35.90000","有效","正常","0.35900","0.35900","1056946","否"
"254","京东CPS","732204","购物客91jili","2014-04-17 18:56:09","1319340060'","14","","1","0.00000","2014-12-05 10:50:41","0","0.00000","无效","正常","0.00000","0.0000","1051306","否"
"6951","1号商城CPS","732204","购物客91jili","2014-04-17 19:52:55","140417JQ6Q65'","8002","","1","66.00000","2014-06-27 18:28:41","1","66.00000","有效","正常","0.66000","0.66000","1076083","否"
"6951","1号商城CPS","732204","购物客91jili","2014-04-17 19:52:55","140417JQ6Q65'","8060","","1","90.50000","2014-06-27 18:28:41","1","39.90000","有效","正常","1.90050","0.83790","1076083","否"
"6951","1号商城CPS","732204","购物客91jili","2014-04-17 19:52:55","140417JQ6Q65'","8070","","1","109.50000","2014-06-27 18:28:41","1","52.00000","有效","正常","2.29950","1.09200","1076083","否"
"139","1号店CPS","732204","购物客91jili","2014-04-17 19:52:55","140417JQ6Q65'","8002","","1","66.00000","2014-06-27 14:33:37","0","0.00000","无效","正常","0.66000","0.0000","1076083","否"
"139","1号店CPS","732204","购物客91jili","2014-04-17 19:52:55","140417JQ6Q65'","8070","","1","109.50000","2014-06-27 14:09:56","1","57.50000","有效","正常","3.12070","1.63870","1076083","否"
"139","1号店CPS","732204","购物客91jili","2014-04-17 19:52:55","140417JQ6Q65'","8060","","1","90.50000","2014-06-27 14:09:56","1","50.60000","有效","正常","2.53400","1.41680","1076083","否"
"5227","聚美优品CPS","732204","购物客91jili","2014-04-17 20:55:41","115095039'","基本","","1","53.00000","2014-06-12 16:01:11","1","53.00000","有效","正常","2.54400","2.54400","1113378","否"
"4018","唯品会CPS","732204","购物客91jili","2014-04-17 22:14:55","14041744124113'","X2","4717673015854","1","28.33000","2014-05-30 19:29:34","1","28.33000","有效","正常","0.59490","0.59490","1085051","否"
"4018","唯品会CPS","732204","购物客91jili","2014-04-17 22:14:55","14041744124113'","6","W020130436","1","113.30000","2014-05-30 19:29:34","1","113.30000","有效","正常","4.75860","4.75860","1085051","否"
"4018","唯品会CPS","732204","购物客91jili","2014-04-17 22:14:56","14041744124113'","3","W020130436","1","168.00000","2014-08-12 15:00:20","0","0.00000","无效","正常","3.52800","0.0000","1085051","否"
"4018","唯品会CPS","732204","购物客91jili","2014-04-17 22:14:56","14041744124113'","3","13470660503","1","159.00000","2014-08-12 15:00:20","0","0.00000","无效","正常","3.33900","0.0000","1085051","否"
"4018","唯品会CPS","732204","购物客91jili","2014-04-17 22:14:56","14041744124113'","3","017044A4M","1","149.00000","2014-08-12 15:00:20","0","0.00000","无效","正常","3.12900","0.0000","1085051","否"
"4018","唯品会CPS","732204","购物客91jili","2014-04-17 22:14:56","14041744124113'","3","12280830503","1","127.00000","2014-08-12 15:00:20","0","0.00000","无效","正常","2.66700","0.0000","1085051","否"
"4018","唯品会CPS","732204","购物客91jili","2014-04-17 22:14:56","14041744124113'","3","4717673015854","1","42.00000","2014-08-12 15:00:20","0","0.00000","无效","正常","0.88200","0.0000","1085051","否"
"6858","亚马逊返点站CPS","732204","购物客91jili","2014-04-18 00:00:00","C02-3787442-4750408'","基本","B0055AIBYW","1","19.90000","2014-09-11 13:39:41","1","0.30000","无效","正常","0.21000","0.0000","1092681","否"
"6858","亚马逊返点站CPS","732204","购物客91jili","2014-04-18 00:00:00","C02-8237348-3351227'","基本","B008F0XOM8","1","1299.00000","2014-09-11 13:39:41","1","19.49000","无效","正常","13.64300","0.0000","1055365","否"
"6858","亚马逊返点站CPS","732204","购物客91jili","2014-04-18 00:00:00","C02-3787442-4750408'","基本","B00IOGSPV8","1","21.30000","2014-09-11 13:39:41","1","0.32000","无效","正常","0.22400","0.0000","1092681","否"
"6858","亚马逊返点站CPS","732204","购物客91jili","2014-04-18 00:00:00","C02-3787442-4750408'","基本","B00IR45T98","1","23.30000","2014-09-11 13:39:41","1","0.35000","无效","正常","0.24500","0.0000","1092681","否"
"227","乐蜂LafasoCPS","732204","购物客91jili","2014-04-18 08:46:17","5919115620058'","3","4000471","1","29.88000","2014-07-17 14:31:24","0","0.00000","无效","正常","0.89640","0.0000","1054115","否"
"227","乐蜂LafasoCPS","732204","购物客91jili","2014-04-18 08:46:17","5919115620058'","3","208824","1","38.12000","2014-07-17 14:31:24","0","0.00000","无效","正常","1.14360","0.0000","1054115","否"
"227","乐蜂LafasoCPS","732204","购物客91jili","2014-04-18 08:46:17","5919115620058'","0","3042467","1","0.00000","2014-07-17 14:31:24","0","0.00000","无效","正常","0.00000","0.0000","1054115","否"
"227","乐蜂LafasoCPS","732204","购物客91jili","2014-04-18 08:46:26","5919115620058'","0","4000471","1","29.88000","2014-06-24 14:47:50","1","29.88000","有效","正常","1.49400","1.49400","1054115","否"
"227","乐蜂LafasoCPS","732204","购物客91jili","2014-04-18 08:46:26","5919115620058'","0","208824","1","38.12000","2014-06-24 14:47:50","1","38.12000","有效","正常","1.90600","1.90600","1054115","否"
"247","当当CPS","732204","购物客91jili","2014-04-18 09:32:44","7827527940'","出版物","","1","36.50000","2014-06-19 15:37:34","1","36.50000","有效","正常","0.73000","0.73000","1128320","否"
"247","当当CPS","732204","购物客91jili","2014-04-18 09:32:44","7827527940'","食品","","1","6.50000","","0","0.00000","无效","正常","0.00000","0.0000","1128320","否"
"17307","当当高佣金CPS","732204","购物客91jili","2014-04-18 09:32:44","7827527940'","食品","60556694","1","6.50000","2014-06-19 14:04:03","1","0.26000","有效","正常","0.22750","0.22750","1128320","否"
"6951","1号商城CPS","732204","购物客91jili","2014-04-18 09:37:24","140418BQAAL0'","8810","","1","15933.00000","2014-07-09 17:35:08","0","0.00000","无效","正常","111.53100","0.0000","1100500","否"
"139","1号店CPS","732204","购物客91jili","2014-04-18 09:37:24","140418BQAAL0'","8810","","1","15933.00000","2014-06-27 14:33:37","0","0.00000","无效","正常","159.33000","0.0000","1100500","否"
"254","京东CPS","732204","购物客91jili","2014-04-18 10:40:57","1326764217'","10","","1","137.10000","2014-05-30 12:58:50","1","137.00000","有效","正常","1.09680","1.09600","1112382","否"
"4018","唯品会CPS","732204","购物客91jili","2014-04-18 13:06:10","14041876522732'","1","712461103004732","1","115.49000","2014-05-30 20:26:54","1","73.80000","有效","正常","0.80840","0.51660","1081481","否"
"4018","唯品会CPS","732204","购物客91jili","2014-04-18 13:06:10","14041876522732'","1","111440811180","1","64.06000","2014-05-30 20:26:54","1","40.93000","有效","正常","0.44840","0.28650","1081481","否"
"4018","唯品会CPS","732204","购物客91jili","2014-04-18 13:06:10","14041876522732'","1","12644016682","1","97.45000","2014-05-30 20:26:54","1","62.27000","有效","正常","0.68210","0.43590","1081481","否"
"4018","唯品会CPS","732204","购物客91jili","2014-04-18 14:12:20","14041869455413'","2","BB12303090","1","24.32000","2014-05-30 20:26:54","1","24.32000","有效","正常","0.51070","0.51070","1085051","否"
"4018","唯品会CPS","732204","购物客91jili","2014-04-18 14:12:21","14041869455413'","3","1141302107G3","1","179.00000","2014-08-12 15:00:20","0","0.00000","无效","正常","3.75900","0.0000","1085051","否"
"4018","唯品会CPS","732204","购物客91jili","2014-04-18 14:12:21","14041869455413'","3","U12726781-00M","1","95.00000","2014-05-30 20:26:54","1","59.24000","有效","正常","1.99500","1.24400","1085051","否"
"4018","唯品会CPS","732204","购物客91jili","2014-04-18 14:12:21","14041869455413'","3","1141302013A2","1","189.00000","2014-05-30 20:26:54","1","117.85000","有效","正常","3.96900","2.47490","1085051","否"
"4018","唯品会CPS","732204","购物客91jili","2014-04-18 14:12:21","14041869455413'","3","X0043208009001202","1","109.00000","2014-08-12 15:00:20","0","0.00000","无效","正常","2.28900","0.0000","1085051","否"
"4018","唯品会CPS","732204","购物客91jili","2014-04-18 14:12:21","14041869455413'","3","BB12303090","1","39.00000","2014-08-12 15:00:20","0","0.00000","无效","正常","0.81900","0.0000","1085051","否"
"254","京东CPS","732204","购物客91jili","2014-04-18 15:22:39","1333177093'","0","","1","187.00000","2014-05-30 11:17:08","1","187.00000","有效","正常","2.20000","2.20000","1092681","否"
"4018","唯品会CPS","732204","购物客91jili","2014-04-18 15:52:30","14041821178440'","6","691403031","1","159.00000","2014-05-30 20:26:54","1","159.00000","有效","正常","6.67800","6.67800","1134137","否"
"4018","唯品会CPS","732204","购物客91jili","2014-04-18 15:52:31","14041821178440'","3","691403031","1","209.00000","2014-08-12 15:00:20","0","0.00000","无效","正常","4.38900","0.0000","1134137","否"
"6951","1号商城CPS","732204","购物客91jili","2014-04-18 15:54:04","140418JQFC16'","8060","","1","100.00000","2014-06-27 18:28:41","1","100.00000","有效","正常","2.10000","2.10000","1076083","否"
"254","京东CPS","732204","购物客91jili","2014-04-18 16:08:01","1333334668'","6","","1","74.70000","2014-05-30 14:00:33","1","74.66667","有效","正常","0.89640","0.89600","1064710","否"
"6198","大众点评CPS","732204","购物客91jili","2014-04-18 23:41:48","243328815'","A","","1","85.00000","2014-09-15 15:07:56","0","0.00000","无效","正常","2.97500","0.0000","1083976","否"
"6198","大众点评CPS","732204","购物客91jili","2014-04-18 23:44:47","243330051'","A","","1","85.00000","2014-09-15 15:07:56","0","0.00000","无效","正常","2.97500","0.0000","1083976","否"
"6198","大众点评CPS","732204","购物客91jili","2014-04-18 23:44:47","243330051'","A","293247997","1","85.00000","2014-05-30 17:28:42","1","85.00000","有效","正常","2.97500","2.97500","1083976","否"
"6858","亚马逊返点站CPS","732204","购物客91jili","2014-04-19 00:00:00","C02-3589636-4165629'","基本","B008F0XOM8","1","1299.00000","2014-06-29 18:29:40","1","19.49000","有效","正常","13.64300","13.64300","1055365","否"
"6858","亚马逊返点站CPS","732204","购物客91jili","2014-04-19 00:00:00","C02-4351200-7518431'","基本","B00B16K0NY","1","11.50000","2014-09-11 13:39:41","1","0.17000","无效","正常","0.11900","0.0000","1076255","否"
"6858","亚马逊返点站CPS","732204","购物客91jili","2014-04-19 00:00:00","C02-4351200-7518431'","基本","B00B16K2UU","1","9.80000","2014-09-11 13:39:41","1","0.15000","无效","正常","0.10500","0.0000","1076255","否"
"6858","亚马逊返点站CPS","732204","购物客91jili","2014-04-19 00:00:00","C02-4351200-7518431'","基本","B00B16K1ZQ","1","9.80000","2014-09-11 13:39:41","1","0.15000","无效","正常","0.10500","0.0000","1076255","否"
"6858","亚马逊返点站CPS","732204","购物客91jili","2014-04-19 00:00:00","C02-7931543-8847013'","基本","B00DITCDPK","1","17.90000","2014-09-11 13:39:41","1","0.27000","无效","正常","0.18900","0.0000","1076255","否"
"6858","亚马逊返点站CPS","732204","购物客91jili","2014-04-19 00:00:00","C02-4351200-7518431'","基本","B00H95NOI4","1","10.70000","2014-09-11 13:39:41","1","0.16000","无效","正常","0.11200","0.0000","1076255","否"
"6858","亚马逊返点站CPS","732204","购物客91jili","2014-04-19 00:00:00","C02-4351200-7518431'","基本","B00HI8PS22","1","16.50000","2014-09-11 13:39:41","1","0.25000","无效","正常","0.17500","0.0000","1076255","否"
"6858","亚马逊返点站CPS","732204","购物客91jili","2014-04-19 00:00:00","C02-4256486-1628811'","基本","B00HIUPDMK","1","10.35000","2014-09-11 13:39:41","1","0.00000","无效","正常","0.00000","0.0000","1048797","否"
"4018","唯品会CPS","732204","购物客91jili","2014-04-19 11:01:32","14041988358013'","1","6941167010577","1","43.77000","2014-05-30 20:26:54","1","43.77000","有效","正常","0.30640","0.30640","1049348","否"
"4018","唯品会CPS","732204","购物客91jili","2014-04-19 11:01:32","14041988358013'","1","6926799600525","2","83.30000","2014-05-30 20:26:54","1","83.30000","有效","正常","0.58310","0.58310","1049348","否"
"4018","唯品会CPS","732204","购物客91jili","2014-04-19 11:01:32","14041988358013'","1","7610196004633","1","19.77000","2014-05-30 20:26:54","1","19.77000","有效","正常","0.13840","0.13840","1049348","否"
"4018","唯品会CPS","732204","购物客91jili","2014-04-19 11:01:32","14041988358013'","1","1013303142129235","1","127.80000","2014-05-30 20:26:54","1","127.80000","有效","正常","0.89460","0.89460","1049348","否"
"4018","唯品会CPS","732204","购物客91jili","2014-04-19 11:01:32","14041988358013'","1","14223755012220","1","120.36000","2014-05-30 20:26:54","1","120.36000","有效","正常","0.84250","0.84250","1049348","否"
"17290","阿窝团购划算专用","732204","购物客91jili","2014-04-19 11:46:35","10048553'","精品网购","68201","1","66.00000","2014-06-03 17:56:13","0","0.00000","无效","正常","6.93000","0.0000","1126551_105c6765b662a","否"
"247","当当CPS","732204","购物客91jili","2014-04-19 14:45:59","7836879069'","当当优品","","1","48.50000","2014-06-19 15:37:34","1","48.50000","有效","正常","3.15250","3.15250","1109099","否"
"247","当当CPS","732204","购物客91jili","2014-04-19 14:46:10","7836879069'","鞋包--$--银卡会员","","1","48.50000","","0","0.00000","无效","正常","0.24250","0.0000","1109099","否"
"227","乐蜂LafasoCPS","732204","购物客91jili","2014-04-19 15:02:38","6182381510014'","3","209520","1","218.00000","2014-07-17 14:31:24","0","0.00000","无效","正常","6.54000","0.0000","1100305","否"
"227","乐蜂LafasoCPS","732204","购物客91jili","2014-04-19 15:02:38","6182381510014'","0","3356475","1","0.00000","2014-07-17 14:31:24","0","0.00000","无效","正常","0.00000","0.0000","1100305","否"
"227","乐蜂LafasoCPS","732204","购物客91jili","2014-04-19 15:02:38","6182381510014'","0","192621","1","39.00000","2014-06-24 14:47:50","1","39.00000","有效","正常","1.95000","1.95000","1100305","否"
"227","乐蜂LafasoCPS","732204","购物客91jili","2014-04-19 15:02:38","6182381510014'","0","3356476","1","0.00000","2014-07-17 14:31:24","0","0.00000","无效","正常","0.00000","0.0000","1100305","否"
"227","乐蜂LafasoCPS","732204","购物客91jili","2014-04-19 15:02:38","6182381510014'","0","1438465","1","0.00000","2014-07-17 14:31:24","0","0.00000","无效","正常","0.00000","0.0000","1100305","否"
"227","乐蜂LafasoCPS","732204","购物客91jili","2014-04-19 15:02:44","6182381510014'","0","187225","1","109.00000","2014-06-24 14:47:50","1","109.00000","有效","正常","5.45000","5.45000","1100305","否"
"227","乐蜂LafasoCPS","732204","购物客91jili","2014-04-19 15:02:44","6182381510014'","0","183689","1","109.00000","2014-06-24 14:47:50","1","109.00000","有效","正常","5.45000","5.45000","1100305","否"
"254","京东CPS","732204","购物客91jili","2014-04-19 15:59:37","1338631604'","0","","1","3398.00000","2014-12-05 10:50:41","0","0.00000","无效","正常","8.80000","0.0000","1100500","否"
"254","京东CPS","732204","购物客91jili","2014-04-19 17:38:19","1339049959'","0","","1","3398.00000","2014-05-30 11:17:08","1","3398.00000","有效","正常","8.80000","8.80000","1100500","否"
"254","京东CPS","732204","购物客91jili","2014-04-19 17:38:19","1339062202'","0","","1","7796.00000","2014-05-30 11:17:08","1","7796.00000","有效","正常","10.80000","10.80000","1100500","否"
"254","京东CPS","732204","购物客91jili","2014-04-19 17:38:19","1339113565'","0","","1","11193.99000","2014-12-05 10:50:41","0","0.00000","无效","正常","24.40000","0.0000","","否"
"247","当当CPS","732204","购物客91jili","2014-04-19 20:18:32","7838770822'","出版物","","1","34.00000","2014-06-19 15:37:34","1","34.00000","有效","正常","0.68000","0.68000","1103013","否"
"247","当当CPS","732204","购物客91jili","2014-04-19 20:18:32","7838770802'","出版物","","1","11.60000","2014-06-19 15:37:34","1","11.60000","有效","正常","0.23200","0.23200","1103013","否"
"247","当当CPS","732204","购物客91jili","2014-04-19 23:08:26","7840085760'","出版物","","1","53.00000","2014-06-19 15:37:34","1","53.00000","有效","正常","1.06000","1.06000","1134477","否"
"247","当当CPS","732204","购物客91jili","2014-04-19 23:08:26","7840085780'","出版物","","1","8.80000","2014-06-19 15:37:34","1","8.80000","有效","正常","0.17600","0.17600","1134477","否"
"6858","亚马逊返点站CPS","732204","购物客91jili","2014-04-20 00:00:00","C03-8994001-2886434'","基本","B004XV07I2","1","18.90000","2014-06-29 18:29:40","1","0.57000","有效","正常","0.39900","0.39900","1096756","否"
"6858","亚马逊返点站CPS","732204","购物客91jili","2014-04-20 00:00:00","C02-4317932-9752813'","基本","B006ZS4K5W","1","243.09000","2014-06-29 18:29:40","1","4.86000","有效","正常","3.40200","3.40200","","否"
"6858","亚马逊返点站CPS","732204","购物客91jili","2014-04-20 00:00:00","C02-4317932-9752813'","基本","B0094J3EB0","1","165.21000","2014-06-29 18:29:40","1","3.30000","有效","正常","2.31000","2.31000","","否"
"6858","亚马逊返点站CPS","732204","购物客91jili","2014-04-20 00:00:00","C01-9941538-0198231'","基本","B00C0N5O88","1","135.00000","2014-06-29 18:29:40","1","8.10000","有效","正常","5.67000","5.67000","1068911","否"
"6858","亚马逊返点站CPS","732204","购物客91jili","2014-04-20 00:00:00","C03-8994001-2886434'","基本","B00DZJERK2","1","11.80000","2014-06-29 18:29:40","1","0.35000","有效","正常","0.24500","0.24500","1096756","否"
"6858","亚马逊返点站CPS","732204","购物客91jili","2014-04-20 00:00:00","C03-8994001-2886434'","基本","B00ECV8PX2","1","18.80000","2014-06-29 18:29:40","1","0.56000","有效","正常","0.39200","0.39200","1096756","否"
"297","携程旅行网CPS","732204","购物客91jili","2014-04-20 10:08:36","225239502'","H","","1","199.00000","2014-12-26 16:17:47","0","0.00000","无效","正常","6.96500","0.0000","1106028","否"
"254","京东CPS","732204","购物客91jili","2014-04-20 10:12:03","1342282213'","0","","1","39.00000","2014-12-05 10:50:41","0","0.00000","无效","正常","0.00000","0.0000","1064710","否"
"139","1号店CPS","732204","购物客91jili","2014-04-20 10:18:28","140420WQWCTV'","0000","","1","106.00000","2014-06-27 14:33:37","0","0.00000","无效","正常","0.00000","0.0000","1107177","否"
"6198","大众点评CPS","732204","购物客91jili","2014-04-20 10:25:30","244185401'","A","","1","392.00000","2014-09-15 15:07:56","0","0.00000","无效","正常","13.72000","0.0000","1060694","否"
"6198","大众点评CPS","732204","购物客91jili","2014-04-20 10:25:30","244185401'","A","294110449","1","97.99000","2014-09-15 15:07:56","0","0.00000","无效","正常","3.42960","0.0000","1060694","否"
"6198","大众点评CPS","732204","购物客91jili","2014-04-20 10:25:30","244185401'","A","294110450","1","97.99000","2014-09-15 15:07:56","0","0.00000","无效","正常","3.42960","0.0000","1060694","否"
"6198","大众点评CPS","732204","购物客91jili","2014-04-20 10:25:30","244185401'","A","294110451","1","97.99000","2014-09-15 15:07:56","0","0.00000","无效","正常","3.42960","0.0000","1060694","否"
"6198","大众点评CPS","732204","购物客91jili","2014-04-20 10:25:30","244185401'","A","294110452","1","97.99000","2014-09-15 15:07:56","0","0.00000","无效","正常","3.42960","0.0000","1060694","否"
"5402","美团网CPS","732204","购物客91jili","2014-04-20 13:18:49","436493157-1'","O","7158669","1","48.00000","2014-05-26 13:38:30","1","48.00000","有效","正常","0.57600","0.57600","1059077","否"
"6951","1号商城CPS","732204","购物客91jili","2014-04-20 15:57:36","140420LR04PG'","8010","","1","389.00000","2014-07-09 17:35:08","0","0.00000","无效","正常","16.33800","0.0000","1054187","否"
"254","京东CPS","732204","购物客91jili","2014-04-20 16:54:56","1343664372'","10","","1","79.00000","2014-05-30 12:58:50","1","79.00000","有效","正常","0.63200","0.63200","1096608","否"
"254","京东CPS","732204","购物客91jili","2014-04-20 21:17:58","1344587497'","5","","1","0.00000","2014-12-05 10:50:41","0","0.00000","无效","正常","0.00000","0.0000","1121834","否"
"5579","国美在线CPS","732204","购物客91jili","2014-04-20 21:31:53","4752869665'","生活电器 厨卫电器","8001743535","1","639.00000","2014-06-26 20:02:20","1","639.00000","有效","正常","8.94600","8.94600","1095506","否"
"254","京东CPS","732204","购物客91jili","2014-04-20 22:11:00","1344796709'","0","","1","80.00000","2014-12-05 10:50:41","0","0.00000","无效","正常","0.00000","0.0000","1062122","否"
"6858","亚马逊返点站CPS","732204","购物客91jili","2014-04-21 00:00:00","C01-3761888-1394207'","基本","B007NFOWHM","1","149.00000","2014-09-11 13:39:41","1","2.24000","无效","正常","1.56800","0.0000","1083052","否"
"6858","亚马逊返点站CPS","732204","购物客91jili","2014-04-21 00:00:00","C02-2206227-6730410'","基本","B00JOAI7Y8","1","49.90000","2014-09-11 13:39:41","1","2.99000","无效","正常","2.09300","0.0000","1054661","否"
"254","京东CPS","732204","购物客91jili","2014-04-21 00:00:36","1345096115'","0","","1","99.00000","2014-12-05 11:07:19","0","0.00000","无效","正常","0.00000","0.0000","1057574","否"
"247","当当CPS","732204","购物客91jili","2014-04-21 09:19:46","7847163942'","食品--$--金卡会员","","1","58.00000","","0","0.00000","无效","正常","0.29000","0.0000","1065199","否"
"17307","当当高佣金CPS","732204","购物客91jili","2014-04-21 09:19:46","7847163942'","食品","1093071722","1","58.00000","2014-06-19 14:04:03","1","1.16000","有效","正常","1.01500","1.01500","1065199","否"
"254","京东CPS","732204","购物客91jili","2014-04-21 09:56:07","1346150367'","9","","1","28.68000","2014-05-30 14:00:33","1","29.50000","有效","正常","0.45890","0.47200","1061304","否"
"254","京东CPS","732204","购物客91jili","2014-04-21 09:56:07","1346154046'","9","","1","96.00000","2014-12-05 11:07:19","0","0.00000","无效","正常","1.53600","0.0000","","否"
"254","京东CPS","732204","购物客91jili","2014-04-21 09:56:07","1346214469'","9","","1","76.40000","2014-05-30 14:00:33","1","76.50000","有效","正常","1.22240","1.22400","1061304","否"
"247","当当CPS","732204","购物客91jili","2014-04-21 11:15:00","7848118445'","出版物--$--金卡会员","","1","81.50000","","0","0.00000","无效","正常","1.63000","0.0000","1133595","否"
"247","当当CPS","732204","购物客91jili","2014-04-21 11:15:00","7848118465'","运动健康--$--金卡会员","","1","193.00000","","0","0.00000","无效","正常","0.96500","0.0000","1133595","否"
"247","当当CPS","732204","购物客91jili","2014-04-21 11:24:04","7848192265'","运动健康--$--金卡会员","","1","193.00000","","0","0.00000","无效","正常","0.96500","0.0000","1133595","否"
"17307","当当高佣金CPS","732204","购物客91jili","2014-04-21 11:24:04","7848192265'","运动健康","1395102302","1","0.00000","2014-07-31 18:19:08","1","0.00000","无效","正常","0.00000","0.0000","1133595","否"
"17307","当当高佣金CPS","732204","购物客91jili","2014-04-21 11:24:04","7848192265'","运动健康","1034009812","1","0.00000","2014-07-31 18:19:08","1","0.00000","无效","正常","0.00000","0.0000","1133595","否"
"17307","当当高佣金CPS","732204","购物客91jili","2014-04-21 11:24:04","7848192265'","运动健康","1069300712","1","0.00000","2014-07-31 18:19:08","1","0.00000","无效","正常","0.00000","0.0000","1133595","否"
"247","当当CPS","732204","购物客91jili","2014-04-21 11:26:05","7848209765'","出版物--$--金卡会员","","1","81.50000","","0","0.00000","无效","正常","1.63000","0.0000","1133595","否"
"254","京东CPS","732204","购物客91jili","2014-04-21 12:38:44","1346980269'","0","","1","99.00000","2014-12-05 11:07:19","0","0.00000","无效","正常","0.00000","0.0000","1105051","否"
"254","京东CPS","732204","购物客91jili","2014-04-21 17:18:26","1347945958'","0","","1","199.00000","2014-05-30 11:17:08","1","199.00000","有效","正常","2.20000","2.20000","1055278","否"
"254","京东CPS","732204","购物客91jili","2014-04-21 17:52:25","1348054874'","0","","1","39.90000","2014-12-05 11:07:19","0","0.00000","无效","正常","0.00000","0.0000","1055365","否"
"254","京东CPS","732204","购物客91jili","2014-04-21 19:26:36","1348320176'","14","","1","52.32000","2014-05-30 12:58:50","1","52.33333","有效","正常","0.62780","0.62800","1081064","否"
"254","京东CPS","732204","购物客91jili","2014-04-21 19:36:28","1348376067'","10","","1","189.00000","2014-12-05 11:07:19","0","0.00000","无效","正常","1.51200","0.0000","1134988","否"
"254","京东CPS","732204","购物客91jili","2014-04-21 19:37:10","1348353916'","10","","1","189.00000","2014-12-05 11:07:19","0","0.00000","无效","正常","1.51200","0.0000","1134988","否"
"254","京东CPS","732204","购物客91jili","2014-04-21 19:38:18","1348448041'","10","","1","189.00000","2014-05-30 14:00:33","1","189.00000","有效","正常","1.51200","1.51200","1134988","否"
"254","京东CPS","732204","购物客91jili","2014-04-21 19:58:56","1348515061'","14","","1","188.00000","2014-11-24 19:37:48","1","188.00000","有效","正常","2.25600","2.25600","1118952","否"
"139","1号店CPS","732204","购物客91jili","2014-04-21 23:22:09","140421JRJ498'","8060","","1","93.90000","2014-06-27 14:09:56","1","93.90000","有效","正常","2.62920","2.62920","1105216","否"
"139","1号店CPS","732204","购物客91jili","2014-04-21 23:22:09","140421JRJ498'","8070","","1","32.70000","2014-06-27 14:09:56","1","32.70000","有效","正常","0.93190","0.93190","1105216","否"
"6858","亚马逊返点站CPS","732204","购物客91jili","2014-04-22 00:00:00","C02-6861757-2686215'","基本","B008GRQ7HE","1","28.76000","2014-09-11 13:39:41","1","0.43000","无效","正常","0.30100","0.0000","1054661","否"
"6858","亚马逊返点站CPS","732204","购物客91jili","2014-04-22 00:00:00","C01-7856539-7881606'","基本","B008XGMY70","1","13.41000","2014-09-11 13:39:41","1","0.40000","无效","正常","0.28000","0.0000","APIMemberId","否"
"6858","亚马逊返点站CPS","732204","购物客91jili","2014-04-22 00:00:00","C02-6861757-2686215'","基本","B00GNT4HQA","1","17.52000","2014-09-11 13:39:41","1","0.26000","无效","正常","0.18200","0.0000","1054661","否"
"6858","亚马逊返点站CPS","732204","购物客91jili","2014-04-22 00:00:00","C03-6929768-6898240'","基本","B00HLDGGXY","1","47.90000","2014-09-11 13:39:41","1","1.44000","无效","正常","1.00800","0.0000","APIMemberId","否"
"6858","亚马逊返点站CPS","732204","购物客91jili","2014-04-22 00:00:00","C03-6929768-6898240'","基本","B00IK94DO2","1","21.90000","2014-09-11 13:39:41","1","0.66000","无效","正常","0.46200","0.0000","APIMemberId","否"
"6858","亚马逊返点站CPS","732204","购物客91jili","2014-04-22 00:00:00","C03-6929768-6898240'","基本","B00IK948CO","1","28.01000","2014-09-11 13:39:41","1","0.84000","无效","正常","0.58800","0.0000","APIMemberId","否"
"6858","亚马逊返点站CPS","732204","购物客91jili","2014-04-22 00:00:00","C02-6861757-2686215'","基本","B00JHIAGPA","1","39.00000","2014-09-11 13:39:41","1","0.59000","无效","正常","0.41300","0.0000","1054661","否"
"254","京东CPS","732204","购物客91jili","2014-04-22 00:08:05","1349375862'","3","","1","79.00000","2014-05-30 14:00:33","1","79.00000","有效","正常","1.26400","1.26400","1088031","否"
"254","京东CPS","732204","购物客91jili","2014-04-22 08:15:11","1350069259'","3","","1","97.90000","2014-12-05 11:07:19","0","0.00000","无效","正常","1.56640","0.0000","1098739","否"
"254","京东CPS","732204","购物客91jili","2014-04-22 08:45:42","1350205901'","3","","1","97.90000","2014-12-05 11:07:19","0","0.00000","无效","正常","1.56640","0.0000","1098739","否"
"254","京东CPS","732204","购物客91jili","2014-04-22 09:40:39","1350233840'","3","","1","97.90000","2014-12-05 11:07:19","0","0.00000","无效","正常","1.56640","0.0000","","否"
"254","京东CPS","732204","购物客91jili","2014-04-22 09:57:10","1350296699'","3","","1","97.90000","2014-05-30 14:00:33","1","98.00000","有效","正常","1.56640","1.56800","1098739","否"
"254","京东CPS","732204","购物客91jili","2014-04-22 10:36:05","1350692880'","9","","1","7.72000","2014-05-30 14:00:33","1","98.75000","有效","正常","0.12350","1.58000","1088781","否"
"254","京东CPS","732204","购物客91jili","2014-04-22 10:36:05","1350692880'","6","","1","121.26000","2014-12-05 11:07:19","0","0.00000","无效","正常","1.45510","0.0000","1088781","否"
"254","京东CPS","732204","购物客91jili","2014-04-22 10:36:05","1350692880'","0","","1","11.12000","2014-12-05 11:07:19","0","0.00000","无效","正常","0.00000","0.0000","1088781","否"
"247","当当CPS","732204","购物客91jili","2014-04-22 10:50:15","7854189427'","出版物","","1","41.00000","2014-06-19 15:37:34","1","41.00000","有效","正常","0.82000","0.82000","1058580","否"
"254","京东CPS","732204","购物客91jili","2014-04-22 16:31:14","1355007646'","0","","1","166.55000","2014-12-05 11:07:19","0","0.00000","无效","正常","2.20000","0.0000","APIMemberId","否"
"254","京东CPS","732204","购物客91jili","2014-04-22 16:31:14","1355007646'","5","","1","22.25000","2014-12-05 11:07:19","0","0.00000","无效","正常","0.17800","0.0000","APIMemberId","否"
"254","京东CPS","732204","购物客91jili","2014-04-22 16:31:14","1355022534'","0","","1","19.90000","2014-12-05 11:07:19","0","0.00000","无效","正常","0.00000","0.0000","APIMemberId","否"
"254","京东CPS","732204","购物客91jili","2014-04-22 16:31:14","1355022538'","5","","1","19.90000","2014-05-30 14:00:33","1","20.00000","有效","正常","0.15920","0.16000","APIMemberId","否"
"254","京东CPS","732204","购物客91jili","2014-04-22 16:31:14","1355022542'","0","","1","149.00000","2014-12-05 11:07:19","0","0.00000","无效","正常","0.00000","0.0000","APIMemberId","否"
"5227","聚美优品CPS","732204","购物客91jili","2014-04-22 16:37:54","116387201'","基本","","1","78.00000","2014-06-12 16:01:11","1","78.00000","有效","正常","3.74400","3.74400","APIMemberId","否"
"254","京东CPS","732204","购物客91jili","2014-04-22 20:24:48","1355522075'","0","","1","54.90000","2014-12-05 11:07:19","0","0.00000","无效","正常","0.00000","0.0000","APIMemberId","否"
"6858","亚马逊返点站CPS","732204","购物客91jili","2014-04-23 00:00:00","C03-4847095-8623052'","基本","B004J7DW3M","1","15.70000","2014-06-29 18:29:40","1","0.24000","有效","正常","0.16800","0.16800","APIMemberId","否"
"6858","亚马逊返点站CPS","732204","购物客91jili","2014-04-23 00:00:00","C03-4847095-8623052'","基本","B004T6AR5Y","1","18.60000","2014-06-29 18:29:40","1","0.28000","有效","正常","0.19600","0.19600","APIMemberId","否"
"6858","亚马逊返点站CPS","732204","购物客91jili","2014-04-23 00:00:00","C03-4847095-8623052'","基本","B005178COS","1","17.90000","2014-06-29 18:29:40","1","0.27000","有效","正常","0.18900","0.18900","APIMemberId","否"
"6858","亚马逊返点站CPS","732204","购物客91jili","2014-04-23 00:00:00","C03-4847095-8623052'","基本","B00590H9LE","1","15.50000","2014-06-29 18:29:40","1","0.23000","有效","正常","0.16100","0.16100","APIMemberId","否"
"6858","亚马逊返点站CPS","732204","购物客91jili","2014-04-23 00:00:00","C03-3611601-8341451'","基本","B0083SE79Q","1","158.00000","2014-09-11 13:39:41","1","2.37000","无效","正常","1.65900","0.0000","APIMemberId","否"
"6858","亚马逊返点站CPS","732204","购物客91jili","2014-04-23 00:00:00","C02-2111873-4444032'","基本","B00BWK1P5Q","1","22.00000","2014-06-29 18:29:40","1","0.33000","有效","正常","0.23100","0.23100","APIMemberId","否"
"6858","亚马逊返点站CPS","732204","购物客91jili","2014-04-23 00:00:00","C02-2111873-4444032'","基本","B00FQ5M0AW","1","21.60000","2014-06-29 18:29:40","1","0.32000","有效","正常","0.22400","0.22400","APIMemberId","否"
"6858","亚马逊返点站CPS","732204","购物客91jili","2014-04-23 00:00:00","C01-9854268-6431011'","基本","B00GZCSCW0","1","36.80000","2014-06-29 18:29:40","1","0.55000","有效","正常","0.38500","0.38500","APIMemberId","否"
"6858","亚马逊返点站CPS","732204","购物客91jili","2014-04-23 00:00:00","C03-7855766-2037652'","基本","B00IR5GAE0","1","49.00000","2014-09-11 13:39:41","1","2.94000","无效","正常","2.05800","0.0000","APIMemberId","否"
"6858","亚马逊返点站CPS","732204","购物客91jili","2014-04-23 00:00:00","C03-5683792-4883810'","基本","B00IXO5NRK","1","15.00000","2014-09-11 13:39:41","1","0.23000","无效","正常","0.16100","0.0000","APIMemberId","否"
"254","京东CPS","732204","购物客91jili","2014-04-23 08:31:58","1356326278'","14","","1","224.00000","2014-12-05 11:07:19","0","0.00000","无效","正常","2.68800","0.0000","APIMemberId","否"
"254","京东CPS","732204","购物客91jili","2014-04-23 08:31:58","1356298192'","14","","1","85.00000","2014-12-05 11:07:19","0","0.00000","无效","正常","1.02000","0.0000","APIMemberId","否"
"254","京东CPS","732204","购物客91jili","2014-04-23 08:31:58","1356314815'","14","","1","139.00000","2014-11-24 19:37:48","1","139.00000","有效","正常","1.66800","1.66800","APIMemberId","否"
"254","京东CPS","732204","购物客91jili","2014-04-23 08:42:42","1356340674'","14","","1","100.00000","2014-05-30 12:58:50","1","100.00000","有效","正常","1.20000","1.20000","APIMemberId","否"
"139","1号店CPS","732204","购物客91jili","2014-04-23 10:02:31","140423LRXNXH'","8050","","1","24.70000","2014-06-27 14:09:56","1","24.70000","有效","正常","0.51870","0.51870","APIMemberId","否"
"139","1号店CPS","732204","购物客91jili","2014-04-23 10:02:31","140423LRXNXH'","8090","","1","1.00000","2014-06-27 14:09:56","1","1.00000","有效","正常","0.02100","0.02100","APIMemberId","否"
"139","1号店CPS","732204","购物客91jili","2014-04-23 10:02:31","140423LRXNXH'","8070","","1","157.60000","2014-06-27 14:09:56","1","157.60000","有效","正常","4.49160","4.49160","APIMemberId","否"
"4330","易迅cps","732204","购物客91jili","2014-04-23 10:40:13","1078198258'","D1","635714","1","7.60000","2014-05-26 15:41:18","1","5.80000","有效","正常","0.15960","0.12180","APIMemberId","否"
"4330","易迅cps","732204","购物客91jili","2014-04-23 10:40:13","1078198258'","D1","655650","1","12.50000","2014-05-26 15:41:18","1","9.54000","有效","正常","0.26250","0.20030","APIMemberId","否"
"4330","易迅cps","732204","购物客91jili","2014-04-23 10:40:13","1078198258'","D1","732873","1","1.00000","2014-05-26 15:41:18","1","0.76000","有效","正常","0.02100","0.01600","APIMemberId","否"
"254","京东CPS","732204","购物客91jili","2014-04-23 10:43:00","1356609375'","0","","1","229.00000","2014-05-30 11:17:08","1","229.00000","有效","正常","2.20000","2.20000","APIMemberId","否"
"4018","唯品会CPS","732204","购物客91jili","2014-04-23 12:21:07","14042316735984'","X1","Q3670701000","1","65.00000","2014-05-30 20:26:54","1","65.00000","有效","正常","0.45500","0.45500","APIMemberId","否"
"4018","唯品会CPS","732204","购物客91jili","2014-04-23 12:21:08","14042316735984'","1","Q3670701000","1","65.00000","2014-08-12 15:00:20","0","0.00000","无效","正常","0.45500","0.0000","APIMemberId","否"
"254","京东CPS","732204","购物客91jili","2014-04-23 13:01:48","1357158287'","14","","1","298.00000","2014-12-05 11:07:19","0","0.00000","无效","正常","3.57600","0.0000","APIMemberId","否"
"254","京东CPS","732204","购物客91jili","2014-04-23 14:10:59","1357317528'","14","","1","59.00000","2014-11-24 19:37:48","1","59.00000","有效","正常","0.70800","0.70800","APIMemberId","否"
"254","京东CPS","732204","购物客91jili","2014-04-23 14:35:47","1357380840'","6","","1","138.90000","2014-12-05 11:07:19","0","0.00000","无效","正常","1.66680","0.0000","APIMemberId","否"
"4330","易迅cps","732204","购物客91jili","2014-04-23 14:35:54","1078220806'","1","","1","0.00000","2014-06-10 18:05:54","0","0.00000","无效","正常","0.00000","0.0000","APIMemberId","否"
"254","京东CPS","732204","购物客91jili","2014-04-23 14:52:12","1357420388'","10","","1","85.00000","2014-05-30 14:00:33","1","85.00000","有效","正常","0.68000","0.68000","APIMemberId","否"
"254","京东CPS","732204","购物客91jili","2014-04-23 15:59:36","1357674449'","14","","1","66.26000","2014-11-24 19:37:48","1","66.27000","有效","正常","0.79510","0.79520","APIMemberId","否"
"254","京东CPS","732204","购物客91jili","2014-04-23 15:59:58","1357675345'","9","","1","95.84000","2014-05-30 14:00:33","1","95.75000","有效","正常","1.53340","1.53200","APIMemberId","否"
"254","京东CPS","732204","购物客91jili","2014-04-23 16:40:46","1357718398'","0","","1","98.70000","2014-12-05 11:07:19","0","0.00000","无效","正常","0.00000","0.0000","APIMemberId","否"
"254","京东CPS","732204","购物客91jili","2014-04-23 17:34:24","1357843762'","0","","1","799.00000","2014-12-05 11:07:19","0","0.00000","无效","正常","4.00000","0.0000","APIMemberId","否"
"4330","易迅cps","732204","购物客91jili","2014-04-23 20:11:10","1078248774'","D1","225772","1","24.90000","2014-06-10 18:05:54","0","0.00000","无效","正常","0.52290","0.0000","APIMemberId","否"
"247","当当CPS","732204","购物客91jili","2014-04-23 21:53:18","7864547941'","电脑办公","","1","82.80000","","0","0.00000","无效","正常","0.00000","0.0000","APIMemberId","否"
"17307","当当高佣金CPS","732204","购物客91jili","2014-04-23 21:53:18","7864547941'","电脑办公","60545405","1","0.00000","2014-07-31 18:19:08","1","0.00000","无效","正常","0.00000","0.0000","APIMemberId","否"
"17307","当当高佣金CPS","732204","购物客91jili","2014-04-23 21:53:18","7864547941'","电脑办公","60193800","1","0.00000","2014-07-31 18:19:08","1","0.00000","无效","正常","0.00000","0.0000","APIMemberId","否"
"6858","亚马逊返点站CPS","732204","购物客91jili","2014-04-24 00:00:00","C03-6286230-5440811'","基本","B00GAXEX2W","1","48.00000","2014-09-11 13:39:41","1","0.72000","无效","正常","0.50400","0.0000","APIMemberId","否"
"6858","亚马逊返点站CPS","732204","购物客91jili","2014-04-24 00:00:00","C02-1843728-8476600'","基本","B00JO7WTPO","1","7.00000","2014-09-11 13:39:41","1","0.21000","无效","正常","0.14700","0.0000","APIMemberId","否"
"254","京东CPS","732204","购物客91jili","2014-04-24 09:22:09","1359051355'","14","","1","0.00000","2014-12-05 11:07:19","0","0.00000","无效","正常","0.00000","0.0000","APIMemberId","否"
"254","京东CPS","732204","购物客91jili","2014-04-24 09:50:06","1359113243'","10","","1","543.70000","2014-05-30 14:00:33","1","543.50000","有效","正常","4.34960","4.34800","APIMemberId","否"
"4330","易迅cps","732204","购物客91jili","2014-04-24 10:11:33","1078300557'","D1","16471","1","39.90000","2014-05-26 15:41:18","1","39.90000","有效","正常","0.83790","0.83790","APIMemberId","否"
"249","红孩子CPS","732204","购物客91jili","2014-04-24 11:41:06","3007194691'","315575","3043373495","1","89.70000","2014-05-27 10:59:59","1","67.13000","有效","正常","2.51160","1.87960","","否"
"249","红孩子CPS","732204","购物客91jili","2014-04-24 11:41:06","3007194691'","315575","3043373496","1","109.00000","2014-05-27 10:59:59","1","81.57000","有效","正常","3.05200","2.28400","","否"
"6951","1号商城CPS","732204","购物客91jili","2014-04-24 15:00:39","140424MSF020'","8002","","1","109.00000","2014-06-27 18:28:41","1","109.00000","有效","正常","1.09000","1.09000","APIMemberId","否"
"247","当当CPS","732204","购物客91jili","2014-04-24 15:54:44","7868962605'","出版物","","1","47.30000","2014-06-19 15:37:34","1","47.30000","有效","正常","0.94600","0.94600","APIMemberId","否"
"254","京东CPS","732204","购物客91jili","2014-04-24 17:17:17","1360198923'","0","","1","799.00000","2014-12-05 11:07:19","0","0.00000","无效","正常","4.00000","0.0000","APIMemberId","否"
"254","京东CPS","732204","购物客91jili","2014-04-24 17:34:48","1360238079'","14","","1","1290.00000","2014-12-05 11:07:19","0","0.00000","无效","正常","15.48000","0.0000","105","否"
"254","京东CPS","732204","购物客91jili","2014-04-24 18:08:10","1360336126'","14","","1","105.98000","2014-11-24 19:37:48","1","105.99000","有效","正常","1.27180","1.27190","1085051","否"
"6198","大众点评CPS","732204","购物客91jili","2014-04-24 18:47:53","246562473'","A","","1","0.01000","2014-09-15 15:12:26","0","0.00000","无效","正常","0.00040","0.0000","1068477","否"
"6198","大众点评CPS","732204","购物客91jili","2014-04-24 18:47:53","246562473'","A","296580710","1","0.01000","2014-09-15 15:12:26","0","0.00000","无效","正常","0.00040","0.0000","1068477","否"
"6198","大众点评CPS","732204","购物客91jili","2014-04-24 18:54:38","246567818'","A","","1","44.00000","2014-09-15 15:12:26","0","0.00000","无效","正常","1.54000","0.0000","1068477","否"
"254","京东CPS","732204","购物客91jili","2014-04-24 19:41:57","1360470872'","5","","1","40.00000","2014-12-05 11:07:19","0","0.00000","无效","正常","0.32000","0.0000","1059284","否"
"254","京东CPS","732204","购物客91jili","2014-04-24 19:41:57","1360470868'","5","","1","128.00000","2014-05-30 14:00:33","1","128.00000","有效","正常","1.02400","1.02400","1059284","否"
"254","京东CPS","732204","购物客91jili","2014-04-24 19:41:57","1360514838'","5","","1","182.44000","2014-12-05 11:07:19","0","0.00000","无效","正常","1.45950","0.0000","","否"
"254","京东CPS","732204","购物客91jili","2014-04-24 19:41:57","1360514838'","9","","1","13.47000","2014-12-05 11:07:19","0","0.00000","无效","正常","0.21550","0.0000","","否"
"254","京东CPS","732204","购物客91jili","2014-04-24 19:41:57","1360560349'","9","","1","27.90000","2014-05-30 14:00:33","1","28.00000","有效","正常","0.44640","0.44800","1059284","否"
"247","当当CPS","732204","购物客91jili","2014-04-24 21:28:17","7870905387'","出版物","","1","94.30000","2014-06-19 15:37:34","1","94.30000","有效","正常","1.88600","1.88600","1083548","否"
"254","京东CPS","732204","购物客91jili","2014-04-24 23:37:06","1361053300'","5","","1","123.00000","2014-05-30 14:00:33","1","123.00000","有效","正常","0.98400","0.98400","242435","否"
"254","京东CPS","732204","购物客91jili","2014-04-24 23:37:06","1361097406'","5","","1","187.00000","2014-12-05 11:07:19","0","0.00000","无效","正常","1.49600","0.0000","","否"
"254","京东CPS","732204","购物客91jili","2014-04-24 23:37:06","1361143785'","5","","1","64.00000","2014-05-30 14:00:33","1","64.00000","有效","正常","0.51200","0.51200","242435","否"
"6858","亚马逊返点站CPS","732204","购物客91jili","2014-04-25 00:00:00","C02-2260850-8988661'","基本","B004070RPM","1","29.90000","2014-09-11 13:39:41","1","0.90000","无效","正常","0.63000","0.0000","1050957","否"
"139","1号店CPS","732204","购物客91jili","2014-04-25 10:08:13","140425YSNEEK'","8020","","1","26.50000","2014-06-27 14:09:56","1","26.50000","有效","正常","0.56970","0.56970","1078376","否"
"139","1号店CPS","732204","购物客91jili","2014-04-25 10:08:13","140425YSNEEK'","8070","","1","17.90000","2014-06-27 14:09:56","1","17.90000","有效","正常","0.51010","0.51010","1078376","否"
"139","1号店CPS","732204","购物客91jili","2014-04-25 10:08:13","140425YSNEEK'","8060","","1","156.65000","2014-06-27 14:09:56","1","156.65000","有效","正常","4.38620","4.38620","1078376","否"
"4018","唯品会CPS","732204","购物客91jili","2014-04-25 10:26:05","14042572977429'","3","6949322731053","1","29.00000","2014-08-12 15:00:20","0","0.00000","无效","正常","0.60900","0.0000","1049661","否"
"4018","唯品会CPS","732204","购物客91jili","2014-04-25 10:26:05","14042572977429'","3","6949322731336","1","34.00000","2014-08-12 15:00:20","0","0.00000","无效","正常","0.71400","0.0000","1049661","否"
"6198","大众点评CPS","732204","购物客91jili","2014-04-25 11:10:53","246822528'","A","","1","79.00000","2014-09-15 15:12:26","0","0.00000","无效","正常","2.76500","0.0000","1061073","否"
"6198","大众点评CPS","732204","购物客91jili","2014-04-25 11:13:10","246823880'","A","","1","79.00000","2014-09-15 15:12:26","0","0.00000","无效","正常","2.76500","0.0000","1061073","否"
"6198","大众点评CPS","732204","购物客91jili","2014-04-25 11:13:11","246823880'","A","297360144","1","79.00000","2014-06-30 16:39:12","1","79.00000","有效","正常","2.76500","2.76500","1061073","否"
"6198","大众点评CPS","732204","购物客91jili","2014-04-25 11:56:37","246851088'","A","","1","85.00000","2014-09-15 15:12:26","0","0.00000","无效","正常","2.97500","0.0000","APIMemberId","否"
"6198","大众点评CPS","732204","购物客91jili","2014-04-25 11:56:37","246851088'","A","297393520","1","85.00000","2014-05-30 17:28:42","1","85.00000","有效","正常","2.97500","2.97500","APIMemberId","否"
"6951","1号商城CPS","732204","购物客91jili","2014-04-25 12:35:03","140425TSQ3N9'","8002","","1","36.00000","2014-06-27 18:28:41","1","36.00000","有效","正常","0.36000","0.36000","1135768","否"
"254","京东CPS","732204","购物客91jili","2014-04-25 13:06:43","1362601447'","14","","1","133.60000","2014-05-30 12:58:50","1","133.66667","有效","正常","1.60320","1.60400","1112834","否"
"254","京东CPS","732204","购物客91jili","2014-04-25 14:12:47","1362740528'","6","","1","0.14000","2014-12-05 11:07:19","0","0.00000","无效","正常","0.00170","0.0000","","否"
"254","京东CPS","732204","购物客91jili","2014-04-25 14:12:47","1362740528'","0","","1","0.66000","2014-12-05 11:07:19","0","0.00000","无效","正常","0.00000","0.0000","","否"
"254","京东CPS","732204","购物客91jili","2014-04-25 14:12:47","1362740536'","6","","1","0.00000","2014-12-05 11:07:19","0","0.00000","无效","正常","0.00000","0.0000","1053708","否"
"254","京东CPS","732204","购物客91jili","2014-04-25 14:12:47","1362740528'","14","","1","1.21000","2014-12-05 11:07:19","0","0.00000","无效","正常","0.01450","0.0000","","否"
"254","京东CPS","732204","购物客91jili","2014-04-25 14:12:47","1362740540'","0","","1","1.00000","2014-12-05 11:07:19","0","0.00000","无效","正常","0.00000","0.0000","1053708","否"
"254","京东CPS","732204","购物客91jili","2014-04-25 14:12:47","1362763787'","14","","1","1.00000","2014-05-30 12:58:50","1","1.00000","有效","正常","0.01200","0.01200","1053708","否"
"254","京东CPS","732204","购物客91jili","2014-04-25 15:45:39","1363042529'","14","","1","188.00000","2014-12-05 11:07:19","0","0.00000","无效","正常","2.25600","0.0000","1069554","否"
"254","京东CPS","732204","购物客91jili","2014-04-25 15:45:39","1362969755'","14","","1","89.00000","2014-12-05 11:07:19","0","0.00000","无效","正常","1.06800","0.0000","1069554","否"
"254","京东CPS","732204","购物客91jili","2014-04-25 15:45:39","1362995458'","14","","1","99.00000","2014-05-30 12:58:50","1","99.00000","有效","正常","1.18800","1.18800","1069554","否"
"247","当当CPS","732204","购物客91jili","2014-04-25 16:03:40","7875090306'","手机","","1","1588.00000","","0","0.00000","无效","正常","0.00000","0.0000","1137974","否"
"247","当当CPS","732204","购物客91jili","2014-04-25 16:20:21","7875209243'","出版物","","1","267.00000","2014-06-19 15:37:34","1","267.00000","有效","正常","5.34000","5.34000","1096446","否"
"254","京东CPS","732204","购物客91jili","2014-04-25 16:45:30","1363181389'","7","","1","3088.00000","2014-12-05 11:07:19","0","0.00000","无效","正常","43.23200","0.0000","1114741","否"
"254","京东CPS","732204","购物客91jili","2014-04-25 16:57:31","1363208025'","7","","1","3088.00000","2014-05-30 14:00:33","1","3088.00000","有效","正常","43.23200","43.23200","1114741","否"
"254","京东CPS","732204","购物客91jili","2014-04-25 23:27:56","1363970744'","14","","1","73.80000","2014-12-05 11:07:19","0","0.00000","无效","正常","0.88560","0.0000","1131273","否"
"254","京东CPS","732204","购物客91jili","2014-04-25 23:27:56","1363988143'","14","","1","19.80000","2014-11-24 19:37:48","1","19.80000","有效","正常","0.23760","0.23760","1131273","否"
"254","京东CPS","732204","购物客91jili","2014-04-25 23:27:56","1364015982'","14","","1","54.00000","2014-11-24 19:37:48","1","54.00000","有效","正常","0.64800","0.64800","1131273","否"
"6858","亚马逊返点站CPS","732204","购物客91jili","2014-04-26 00:00:00","C03-4003112-4311054'","基本","B0039YQ3O6","1","66.00000","2014-06-29 18:29:40","1","1.98000","有效","正常","1.38600","1.38600","1097439","否"
"254","京东CPS","732204","购物客91jili","2014-04-26 07:58:53","1364739404'","5","","1","39.90000","2014-05-30 14:00:33","1","40.00000","有效","正常","0.00000","0.32000","1051442","否"
"254","京东CPS","732204","购物客91jili","2014-04-26 09:34:54","1364967054'","14","","1","235.00000","2014-12-05 11:08:47","0","0.00000","无效","正常","2.82000","0.0000","1051942","否"
"254","京东CPS","732204","购物客91jili","2014-04-26 09:34:54","1364927992'","14","","1","35.00000","2014-11-24 19:37:48","1","35.00000","有效","正常","0.42000","0.42000","1051942","否"
"254","京东CPS","732204","购物客91jili","2014-04-26 09:34:54","1365019797'","14","","1","200.00000","2014-05-30 12:58:50","1","200.00000","有效","正常","2.40000","2.40000","1051942","否"
"254","京东CPS","732204","购物客91jili","2014-04-26 09:49:11","1364951112'","0","","1","171.00000","2014-12-05 11:08:47","0","0.00000","无效","正常","2.20000","0.0000","1085664","否"
"254","京东CPS","732204","购物客91jili","2014-04-26 15:52:35","1366037588'","0","","1","39.00000","2014-12-05 11:08:47","0","0.00000","无效","正常","0.00000","0.0000","1105051","否"
"247","当当CPS","732204","购物客91jili","2014-04-26 16:08:40","7879900243'","出版物--$--银卡会员","","1","47.20000","2014-06-19 15:37:34","1","47.20000","有效","正常","0.94400","0.94400","1059719","否"
"247","当当CPS","732204","购物客91jili","2014-04-26 16:48:34","7880087702'","电脑办公--$--金卡会员","","1","89.00000","","0","0.00000","无效","正常","0.44500","0.0000","1136924","否"
"247","当当CPS","732204","购物客91jili","2014-04-26 18:50:36","7880638144'","手机","","1","1588.00000","","0","0.00000","无效","正常","0.00000","0.0000","1137974","否"
"247","当当CPS","732204","购物客91jili","2014-04-26 19:19:22","7880751968'","家电","","1","239.00000","","0","0.00000","无效","正常","0.00000","0.0000","","否"
"17307","当当高佣金CPS","732204","购物客91jili","2014-04-26 19:19:22","7880751968'","家电","1163296602","1","239.00000","2014-07-31 18:19:08","1","0.00000","无效","正常","0.00000","0.0000","","否"
"254","京东CPS","732204","购物客91jili","2014-04-26 23:50:34","1367681351'","0","","1","44.30000","2014-12-05 11:08:47","0","0.00000","无效","正常","0.00000","0.0000","1068865","否"
"6858","亚马逊返点站CPS","732204","购物客91jili","2014-04-27 00:00:00","C03-3991838-3854215'","基本","B00HFP0XL4","1","115.00000","2014-09-11 13:39:41","1","1.73000","无效","正常","1.21100","0.0000","1053444","否"
"6858","亚马逊返点站CPS","732204","购物客91jili","2014-04-27 00:00:00","C03-8346386-7822457'","基本","B00IJ20PCO","1","71.90000","2014-06-29 18:29:40","1","2.16000","有效","正常","1.51200","1.51200","1092667","否"
"254","京东CPS","732204","购物客91jili","2014-04-27 08:12:11","1368767330'","14","","1","232.60000","2014-12-05 11:08:47","0","0.00000","无效","正常","2.79120","0.0000","","否"
"254","京东CPS","732204","购物客91jili","2014-04-27 08:12:11","1368820753'","14","","1","95.80000","2014-11-24 19:37:48","1","95.80000","有效","正常","1.14960","1.14960","APIMemberId","否"
"254","京东CPS","732204","购物客91jili","2014-04-27 08:12:11","1368820749'","14","","1","78.80000","2014-11-24 19:37:48","1","78.80000","有效","正常","0.94560","0.94560","APIMemberId","否"
"254","京东CPS","732204","购物客91jili","2014-04-27 08:12:11","1368820757'","14","","1","58.00000","2014-05-30 12:58:50","1","58.00000","有效","正常","0.69600","0.69600","APIMemberId","否"
"254","京东CPS","732204","购物客91jili","2014-04-27 12:14:53","1369590424'","9","","1","43.68000","2014-12-05 11:08:47","0","0.00000","无效","正常","0.69890","0.0000","","否"
"254","京东CPS","732204","购物客91jili","2014-04-27 12:14:53","1369590424'","0","","1","70.32000","2014-12-05 11:08:47","0","0.00000","无效","正常","0.00000","0.0000","","否"
"254","京东CPS","732204","购物客91jili","2014-04-27 12:14:53","1369643902'","9","","1","35.60000","2014-05-30 14:00:33","1","35.50000","有效","正常","0.56960","0.56800","1055365","否"
"254","京东CPS","732204","购物客91jili","2014-04-27 12:14:53","1369643906'","0","","1","78.40000","2014-12-05 11:08:47","0","0.00000","无效","正常","0.00000","0.0000","1055365","否"
"254","京东CPS","732204","购物客91jili","2014-04-27 13:03:43","1369861933'","14","","1","249.00000","2014-05-30 12:58:50","1","249.00000","有效","正常","2.98800","2.98800","1069554","否"
"4018","唯品会CPS","732204","购物客91jili","2014-04-27 14:26:27","14042790848929'","X1","LGCX4X9009133","1","69.00000","2014-05-30 20:26:54","1","69.00000","有效","正常","0.48300","0.48300","1076765","否"
"4018","唯品会CPS","732204","购物客91jili","2014-04-27 14:26:28","14042790848929'","1","LGCX4X9009133","1","69.00000","2014-08-12 15:00:20","0","0.00000","无效","正常","0.48300","0.0000","1076765","否"
"254","京东CPS","732204","购物客91jili","2014-04-27 15:45:16","1370330116'","0","","1","1509.00000","2014-05-30 11:17:08","1","1509.00000","有效","正常","6.40000","6.40000","1085051","否"
"254","京东CPS","732204","购物客91jili","2014-04-27 15:47:30","1370443353'","0","","1","645.50000","2014-05-30 11:17:08","1","645.50000","有效","正常","4.00000","4.00000","1076083","否"
"6951","1号商城CPS","732204","购物客91jili","2014-04-27 16:28:12","140427FTCJAC'","8010","","1","229.00000","2014-06-27 18:28:41","1","229.00000","有效","正常","9.61800","9.61800","1068860","否"
"6198","大众点评CPS","732204","购物客91jili","2014-04-27 21:03:45","248704505'","A","","1","672.00000","2014-09-15 15:12:26","0","0.00000","无效","正常","23.52000","0.0000","1102724","否"
"6198","大众点评CPS","732204","购物客91jili","2014-04-27 21:03:45","248704505'","A","299256915","1","168.00000","2014-09-15 15:12:26","0","0.00000","无效","正常","5.88000","0.0000","1102724","否"
"6198","大众点评CPS","732204","购物客91jili","2014-04-27 21:03:45","248704505'","A","299256916","1","168.00000","2014-09-15 15:12:26","0","0.00000","无效","正常","5.88000","0.0000","1102724","否"
"6198","大众点评CPS","732204","购物客91jili","2014-04-27 21:03:45","248704505'","A","299256917","1","168.00000","2014-09-15 15:12:26","0","0.00000","无效","正常","5.88000","0.0000","1102724","否"
"6198","大众点评CPS","732204","购物客91jili","2014-04-27 21:03:45","248704505'","A","299256918","1","168.00000","2014-09-15 15:12:26","0","0.00000","无效","正常","5.88000","0.0000","1102724","否"
"254","京东CPS","732204","购物客91jili","2014-04-27 21:13:42","1371599352'","0","","1","129.00000","2014-12-05 11:08:47","0","0.00000","无效","正常","0.00000","0.0000","1122331","否"
"247","当当CPS","732204","购物客91jili","2014-04-27 21:37:30","7886273469'","童孕鞋服--$--钻石会员","","1","99.00000","","0","0.00000","无效","正常","2.97000","0.0000","1134246","否"
"6858","亚马逊返点站CPS","732204","购物客91jili","2014-04-28 00:00:00","C01-1343070-3494243'","基本","B00GANI0V2","1","299.00000","2014-06-29 18:29:40","1","4.49000","有效","正常","3.14300","3.14300","96","否"
"6858","亚马逊返点站CPS","732204","购物客91jili","2014-04-28 00:00:00","C02-5481857-6196058'","基本","B00GQP5VZ2","1","42.44000","2014-06-29 18:29:40","1","0.64000","有效","正常","0.44800","0.44800","1077697","否"
"6858","亚马逊返点站CPS","732204","购物客91jili","2014-04-28 00:00:00","C02-5481857-6196058'","基本","B00GZTLG5I","1","41.62000","2014-06-29 18:29:40","1","0.62000","有效","正常","0.43400","0.43400","1077697","否"
"6858","亚马逊返点站CPS","732204","购物客91jili","2014-04-28 00:00:00","C02-5481857-6196058'","基本","B00HRNDSOS","1","14.98000","2014-06-29 18:29:40","1","0.22000","有效","正常","0.15400","0.15400","1077697","否"
"6858","亚马逊返点站CPS","732204","购物客91jili","2014-04-28 00:00:00","C02-5481857-6196058'","基本","B00J200DBA","1","21.70000","2014-06-29 18:29:40","1","0.33000","有效","正常","0.23100","0.23100","1077697","否"
"6858","亚马逊返点站CPS","732204","购物客91jili","2014-04-28 00:00:00","C02-5481857-6196058'","基本","B00JARB6MA","1","24.76000","2014-06-29 18:29:40","1","0.37000","有效","正常","0.25900","0.25900","1077697","否"
"298","梦芭莎CPS","732204","购物客91jili","2014-04-28 00:05:19","0028266948'","20","437114102","1","89.00000","2014-06-11 15:41:39","1","89.00000","有效","正常","10.68000","10.68000","1134611","否"
"298","梦芭莎CPS","732204","购物客91jili","2014-04-28 00:05:19","0028266948'","20","437314201","1","39.00000","2014-06-11 15:41:39","1","39.00000","有效","正常","4.68000","4.68000","1134611","否"
"298","梦芭莎CPS","732204","购物客91jili","2014-04-28 00:05:19","0028266948'","20","433014209","1","89.00000","2014-06-11 15:41:39","1","89.00000","有效","正常","10.68000","10.68000","1134611","否"
"254","京东CPS","732204","购物客91jili","2014-04-28 10:03:15","1373628011'","0","","1","4898.00000","2014-05-30 11:17:08","1","4898.00000","有效","正常","8.80000","8.80000","1054187","否"
"5227","聚美优品CPS","732204","购物客91jili","2014-04-28 10:33:17","117503813'","5","","1","5.00000","2014-06-12 16:01:11","1","5.00000","有效","正常","0.15000","0.15000","1065158","否"
"254","京东CPS","732204","购物客91jili","2014-04-28 11:15:10","1375850308'","14","","1","199.00000","2014-12-05 11:08:47","0","0.00000","无效","正常","2.38800","0.0000","1085664","否"
"249","红孩子CPS","732204","购物客91jili","2014-04-28 11:40:27","1007527418'","313004","1045785810","1","100.00000","2014-08-18 17:51:05","0","0.00000","无效","正常","1.40000","0.0000","1098450","否"
"249","红孩子CPS","732204","购物客91jili","2014-04-28 11:41:25","1007527414'","313004","1045785803","1","565.20000","2014-05-27 10:59:59","1","565.20000","有效","正常","7.91280","7.91280","1098450","否"
"249","红孩子CPS","732204","购物客91jili","2014-04-28 11:52:20","1006907019'","313004","1045785798","1","565.20000","2014-08-18 17:51:05","0","0.00000","无效","正常","7.91280","0.0000","1098450","否"
"254","京东CPS","732204","购物客91jili","2014-04-28 13:15:07","1376319768'","0","","1","399.00000","2014-12-05 11:08:47","0","0.00000","无效","正常","3.60000","0.0000","","否"
"254","京东CPS","732204","购物客91jili","2014-04-28 13:21:22","1376453393'","0","","1","399.00000","2014-12-05 11:08:47","0","0.00000","无效","正常","3.60000","0.0000","1064710","否"
"17263","飞飞商城CPS","732204","购物客91jili","2014-04-28 13:58:35","FF700201136'","C","BN9661771","1","9.90000","2014-07-25 18:46:33","0","0.00000","无效","正常","0.00000","0.0000","1135663_1054350b31c26","否"
"17501","飞飞商城网址站roi","732204","购物客91jili","2014-04-28 13:58:35","FF700201136'","C","BN9661771","1","9.90000","2014-07-25 14:34:23","0","0.00000","无效","正常","7.92000","0.0000","1135663_1054350b31c26","否"
"17263","飞飞商城CPS","732204","购物客91jili","2014-04-28 13:58:35","FF700201136'","C","E6278037","1","9.90000","2014-07-25 18:43:09","1","9.90000","有效","正常","0.62370","0.62370","1135663_1054350b31c26","否"
"6951","1号商城CPS","732204","购物客91jili","2014-04-28 17:04:08","140428WTQ8CE'","8010","","1","59.00000","2014-06-27 18:28:41","1","59.00000","有效","正常","2.47800","2.47800","1114376","否"
"254","京东CPS","732204","购物客91jili","2014-04-28 18:07:51","1377252683'","0","","1","5299.00000","2014-12-05 11:08:47","0","0.00000","无效","正常","10.80000","0.0000","1055365","否"
"139","1号店CPS","732204","购物客91jili","2014-04-28 19:59:36","140428JTRPL4'","8280","","1","10.50000","2014-06-27 14:09:56","1","10.50000","有效","正常","0.03670","0.03670","1060057","否"
"139","1号店CPS","732204","购物客91jili","2014-04-28 19:59:36","140428JTRPL4'","8002","","1","44.40000","2014-06-27 14:09:56","1","44.40000","有效","正常","0.44400","0.44400","1060057","否"
"139","1号店CPS","732204","购物客91jili","2014-04-28 19:59:36","140428JTRPL4'","8020","","1","13.72000","2014-06-27 14:09:56","1","13.72000","有效","正常","0.29500","0.29500","1060057","否"
"139","1号店CPS","732204","购物客91jili","2014-04-28 19:59:36","140428JTRPL4'","8050","","1","109.10000","2014-06-27 14:09:56","1","109.10000","有效","正常","2.29110","2.29110","1060057","否"
"6443","私房团CPS","732204","购物客91jili","2014-04-28 20:13:09","684081'","基本","","1","39.00000","2014-06-04 13:38:46","0","0.00000","无效","正常","4.09500","0.0000","458631_105b8f38726f7","否"
"254","京东CPS","732204","购物客91jili","2014-04-28 21:12:03","1377779348'","14","","1","178.00000","2014-11-24 19:37:48","1","178.00000","有效","正常","2.13600","2.13600","1128785","否"
"6443","私房团CPS","732204","购物客91jili","2014-04-28 21:54:20","684154'","基本","","1","39.00000","2014-05-27 14:00:22","1","47.00000","有效","正常","4.09500","4.93500","1138283_105e3066fdd37","否"
"254","京东CPS","732204","购物客91jili","2014-04-29 08:39:50","1379249885'","14","","1","99.00000","2014-11-24 19:37:48","1","99.00000","有效","正常","1.18800","1.18800","1118952","否"
"254","京东CPS","732204","购物客91jili","2014-04-29 09:18:32","1379345213'","0","","1","477.00000","2014-12-05 11:08:47","0","0.00000","无效","正常","3.60000","0.0000","1089503","否"
"254","京东CPS","732204","购物客91jili","2014-04-29 10:31:33","1380104288'","0","","1","53.00000","2014-12-05 11:08:47","0","0.00000","无效","正常","0.00000","0.0000","1130646","否"
"254","京东CPS","732204","购物客91jili","2014-04-29 10:31:33","1380104296'","5","","1","26.00000","2014-11-24 19:37:48","1","26.00000","有效","正常","0.20800","0.20800","1130646","否"
"254","京东CPS","732204","购物客91jili","2014-04-29 10:31:33","1380139683'","5","","1","25.36000","2014-12-05 11:08:47","0","0.00000","无效","正常","0.20290","0.0000","","否"
"254","京东CPS","732204","购物客91jili","2014-04-29 10:31:33","1380139683'","0","","1","53.64000","2014-12-05 11:08:47","0","0.00000","无效","正常","0.00000","0.0000","","否"
"254","京东CPS","732204","购物客91jili","2014-04-29 11:02:06","1380247176'","14","","1","138.00000","2014-12-05 11:08:47","0","0.00000","无效","正常","1.65600","0.0000","1112834","否"
"6198","大众点评CPS","732204","购物客91jili","2014-04-29 11:17:17","249240421'","A","","1","255.00000","2014-09-15 15:12:26","0","0.00000","无效","正常","8.92500","0.0000","1072991","否"
"6198","大众点评CPS","732204","购物客91jili","2014-04-29 11:17:17","249240421'","A","299849582","1","85.00000","2014-06-30 16:39:12","1","85.00000","有效","正常","2.97500","2.97500","1072991","否"
"6198","大众点评CPS","732204","购物客91jili","2014-04-29 11:17:17","249240421'","A","299849583","1","85.00000","2014-06-30 16:39:12","1","85.00000","有效","正常","2.97500","2.97500","1072991","否"
"6198","大众点评CPS","732204","购物客91jili","2014-04-29 11:17:17","249240421'","A","299849585","1","85.00000","2014-09-15 15:12:26","0","0.00000","无效","正常","2.97500","0.0000","1072991","否"
"254","京东CPS","732204","购物客91jili","2014-04-29 11:31:57","1380390087'","0","","1","1698.00000","2014-11-24 19:11:00","1","1698.00000","有效","正常","6.40000","6.40000","1073088","否"
"6951","1号商城CPS","732204","购物客91jili","2014-04-29 11:36:35","140429FTWJPJ'","8060","","1","163.00000","2014-06-27 18:28:41","1","163.00000","有效","正常","3.42300","3.42300","107","否"
"247","当当CPS","732204","购物客91jili","2014-04-29 11:45:56","7892871849'","出版物","","1","178.20000","2014-06-19 15:37:34","1","178.20000","有效","正常","3.56400","3.56400","1050099","否"
"254","京东CPS","732204","购物客91jili","2014-04-29 12:33:26","1380645807'","0","","1","880.00000","2014-12-05 11:08:47","0","0.00000","无效","正常","5.20000","0.0000","1118952","否"
"4018","唯品会CPS","732204","购物客91jili","2014-04-29 12:45:59","14042952406784'","3","LXTA008BBH36","1","69.00000","2014-05-30 20:26:54","1","69.00000","有效","正常","1.44900","1.44900","1105313","否"
"254","京东CPS","732204","购物客91jili","2014-04-29 13:53:33","1380854916'","14","","1","9.00000","2014-12-05 11:08:47","0","0.00000","无效","正常","0.10800","0.0000","1056081","否"
"6198","大众点评CPS","732204","购物客91jili","2014-04-29 16:35:17","249421805'","A","","1","19.80000","2014-09-15 15:12:26","0","0.00000","无效","正常","0.69300","0.0000","1054661","否"
"6198","大众点评CPS","732204","购物客91jili","2014-04-29 16:35:17","249421805'","A","300157893","1","9.90000","2014-06-30 16:39:12","1","9.90000","有效","正常","0.34650","0.34650","1054661","否"
"6198","大众点评CPS","732204","购物客91jili","2014-04-29 16:35:17","249421805'","A","300157894","1","9.90000","2014-06-30 16:39:12","1","9.90000","有效","正常","0.34650","0.34650","1054661","否"
"254","京东CPS","732204","购物客91jili","2014-04-29 16:45:20","1381615174'","0","","1","399.00000","2014-12-05 11:08:47","0","0.00000","无效","正常","3.60000","0.0000","105","否"
"139","1号店CPS","732204","购物客91jili","2014-04-29 16:55:24","140429BU0MM8'","8050","","1","78.70000","2014-06-27 14:09:56","1","78.70000","有效","正常","1.65270","1.65270","1109658","否"
"139","1号店CPS","732204","购物客91jili","2014-04-29 16:55:24","140429BU0MM8'","8002","","1","27.60000","2014-06-27 14:09:56","1","27.60000","有效","正常","0.27600","0.27600","1109658","否"
"139","1号店CPS","732204","购物客91jili","2014-04-29 16:55:24","140429BU0MM8'","8090","","1","118.00000","2014-06-27 14:33:37","0","0.00000","无效","正常","2.47800","0.0000","1109658","否"
"6951","1号商城CPS","732204","购物客91jili","2014-04-29 16:55:24","140429BU0MM8'","8002","","1","27.60000","2014-07-09 17:35:08","0","0.00000","无效","正常","0.27600","0.0000","1109658","否"
"6951","1号商城CPS","732204","购物客91jili","2014-04-29 16:55:24","140429BU0MM8'","8090","","1","118.00000","2014-06-27 18:28:41","1","118.00000","有效","正常","1.65200","1.65200","1109658","否"
"6951","1号商城CPS","732204","购物客91jili","2014-04-29 16:55:24","140429BU0MM8'","8050","","1","78.70000","2014-07-09 17:35:08","0","0.00000","无效","正常","1.10180","0.0000","1109658","否"
"247","当当CPS","732204","购物客91jili","2014-04-29 17:22:01","7894405282'","出版物--$--钻石会员","","1","45.80000","2014-07-31 11:09:21","1","45.80000","有效","正常","0.91600","0.91600","1135990","否"
"254","京东CPS","732204","购物客91jili","2014-04-29 18:35:00","1381916564'","14","","1","166.00000","2014-11-24 19:37:48","1","166.00000","有效","正常","1.99200","1.99200","1118952","否"
"139","1号店CPS","732204","购物客91jili","2014-04-29 22:28:25","140429XU3CPY'","8280","","1","74.00000","2014-06-27 14:09:56","1","74.00000","有效","正常","0.25900","0.25900","1051498","否"
"139","1号店CPS","732204","购物客91jili","2014-04-29 22:28:25","140429XU3CPY'","8060","","1","8.50000","2014-06-27 14:09:56","1","8.50000","有效","正常","0.23800","0.23800","1051498","否"
"139","1号店CPS","732204","购物客91jili","2014-04-29 22:28:25","140429XU3CPY'","8050","","1","18.80000","2014-06-27 14:09:56","1","18.80000","有效","正常","0.39480","0.39480","1051498","否"
"6858","亚马逊返点站CPS","732204","购物客91jili","2014-04-30 00:00:00","C02-5911747-9730204'","基本","B0023W6S1S","1","29.90000","2014-06-29 18:29:40","1","0.90000","有效","正常","0.63000","0.63000","1058036","否"
"6858","亚马逊返点站CPS","732204","购物客91jili","2014-04-30 00:00:00","C02-5911747-9730204'","基本","B004DZPHVK","1","34.90000","2014-06-29 18:29:40","1","1.05000","有效","正常","0.73500","0.73500","1058036","否"
"6858","亚马逊返点站CPS","732204","购物客91jili","2014-04-30 00:00:00","C02-5911747-9730204'","基本","B005DONHGM","1","24.00000","2014-06-29 18:29:40","1","0.72000","有效","正常","0.50400","0.50400","1058036","否"
"6858","亚马逊返点站CPS","732204","购物客91jili","2014-04-30 00:00:00","C02-5911747-9730204'","基本","B0060IEST0","1","4.00000","2014-06-29 18:29:40","1","0.12000","有效","正常","0.08400","0.08400","1058036","否"
"6858","亚马逊返点站CPS","732204","购物客91jili","2014-04-30 00:00:00","C03-3252492-7060056'","基本","B00C13XF24","1","149.00000","2014-09-11 13:39:41","1","2.24000","无效","正常","1.56800","0.0000","1076242","否"
"6858","亚马逊返点站CPS","732204","购物客91jili","2014-04-30 00:00:00","C02-4715764-2001461'","基本","B00DIXL5UU","1","9.90000","2014-09-11 13:39:41","1","0.30000","无效","正常","0.21000","0.0000","1088922","否"
"6858","亚马逊返点站CPS","732204","购物客91jili","2014-04-30 00:00:00","C02-4715764-2001461'","基本","B00DIXL654","1","9.90000","2014-09-11 13:39:41","1","0.30000","无效","正常","0.21000","0.0000","1088922","否"
"6858","亚马逊返点站CPS","732204","购物客91jili","2014-04-30 00:00:00","C02-9316734-9041414'","基本","B00HFJ6OTA","1","108.25000","2014-09-11 13:39:41","1","1.62000","无效","正常","1.13400","0.0000","1050123","否"
"4018","唯品会CPS","732204","购物客91jili","2014-04-30 00:36:30","14043001769834'","1","6924217124509","1","28.05000","2014-05-30 20:26:54","1","26.72000","有效","正常","0.19640","0.18700","1081481","否"
"4018","唯品会CPS","732204","购物客91jili","2014-04-30 00:36:30","14043001769834'","1","WP-1808-0014","1","172.16000","2014-08-12 15:00:20","0","0.00000","无效","正常","1.20510","0.0000","1081481","否"
"4018","唯品会CPS","732204","购物客91jili","2014-04-30 00:36:30","14043001769834'","1","4973167431283","1","94.79000","2014-05-30 20:26:54","1","90.28000","有效","正常","0.66350","0.63200","1081481","否"
"254","京东CPS","732204","购物客91jili","2014-04-30 08:31:11","1383576837'","14","","1","39.00000","2014-12-05 11:08:47","0","0.00000","无效","正常","0.46800","0.0000","1065557","否"
"254","京东CPS","732204","购物客91jili","2014-04-30 09:23:59","1383690085'","0","","1","0.00000","2014-12-05 11:08:47","0","0.00000","无效","正常","0.00000","0.0000","1120608","否"
"6198","大众点评CPS","732204","购物客91jili","2014-04-30 10:20:40","249791401'","A","","1","15.90000","2014-09-15 15:12:26","0","0.00000","无效","正常","0.55650","0.0000","1077182","否"
"6198","大众点评CPS","732204","购物客91jili","2014-04-30 10:20:40","249791401'","A","300513927","1","15.90000","2014-05-30 17:28:42","1","15.90000","有效","正常","0.55650","0.55650","1077182","否"
"254","京东CPS","732204","购物客91jili","2014-04-30 10:50:33","1383823519'","0","","1","69.00000","2014-12-05 11:08:47","0","0.00000","无效","正常","0.00000","0.0000","APIMemberId","否"
"254","京东CPS","732204","购物客91jili","2014-04-30 10:53:28","1383832191'","0","","1","1799.00000","2014-11-24 19:11:00","1","1799.00000","有效","正常","6.40000","6.40000","1067587","否"
"6198","大众点评CPS","732204","购物客91jili","2014-04-30 11:21:11","249824155'","A","","1","128.00000","2014-09-15 15:12:26","0","0.00000","无效","正常","4.48000","0.0000","1081771","否"
"6198","大众点评CPS","732204","购物客91jili","2014-04-30 11:21:11","249824155'","A","300551205","1","128.00000","2014-05-30 17:28:42","1","128.00000","有效","正常","4.48000","4.48000","1081771","否"
"254","京东CPS","732204","购物客91jili","2014-04-30 15:54:19","1384581280'","0","","1","1099.00000","2014-11-24 19:11:00","1","1099.00000","有效","正常","6.00000","6.00000","1100305","否"
"4018","唯品会CPS","732204","购物客91jili","2014-04-30 16:10:34","14043059252884'","6","6940895622687","1","78.00000","2014-05-30 20:26:54","1","78.00000","有效","正常","3.27600","3.27600","1105281","否"
"4018","唯品会CPS","732204","购物客91jili","2014-04-30 16:10:35","14043059252884'","3","6940895622687","2","78.00000","2014-08-12 15:00:20","0","0.00000","无效","正常","1.63800","0.0000","1105281","否"
"4018","唯品会CPS","732204","购物客91jili","2014-04-30 16:19:10","14043059314884'","3","6937750000896","1","99.00000","2014-08-12 15:00:20","0","0.00000","无效","正常","2.07900","0.0000","1105281","否"
"247","当当CPS","732204","购物客91jili","2014-04-30 16:47:07","7898163908'","出版物","","1","78.90000","2014-06-19 15:37:34","1","78.90000","有效","正常","1.57800","1.57800","1082249","否"
"254","京东CPS","732204","购物客91jili","2014-04-30 18:48:56","1385163158'","14","","1","45.00000","2014-11-24 19:37:48","1","45.00000","有效","正常","0.54000","0.54000","1052229","否"
"360","东方cj购物cps","732204","购物客91jili","2014-04-30 20:46:00","20140430-192518'","基本","174928","1","102.56410","2014-05-31 17:53:05","1","85.47009","有效","正常","3.07700","2.56410","1118781","否"
"合计","","","","","","","","450.0","163427.2941","","259.0","46379.68343","","","1514.002","565.2207","",""
