INSERT INTO `user` (`id`, `email`, `pwd`, `is_email_confirmed`, `is_from_wenwen`, `wenwen_user`, `token`, `nick`, `sex`, `birthday`, `tel`, `is_tel_confirmed`, `province`, `city`, `education`, `profession`, `income`, `hobby`, `personalDes`, `identity_num`, `reward_multiple`, `register_date`, `last_login_date`, `last_login_ip`, `points`, `delete_flag`, `is_info_set`, `icon_path`, `uniqkey`, `token_created_at`, `origin_flag`, `created_remote_addr`, `created_user_agent`, `campaign_code`, `password_choice`, `fav_music`, `monthly_wish`, `industry_code`, `work_section_code`) VALUES
(31, 'zhangmm@ec-navi.com.cn', '38a124223e4c09ed42b9a16b320a3dbbb29b4776', NULL, NULL, NULL, '', 'sdf', 1, NULL, NULL, NULL, NULL, NULL, NULL, NULL, NULL, NULL, NULL, NULL, 1, '2014-05-09 09:33:06', '2015-11-06 14:17:37', '::1', 4000095, NULL, 0, NULL, NULL, NULL, NULL, NULL, NULL, NULL, NULL, NULL, NULL, NULL, NULL),
(32, 'zhangmmX@voyagegroup.com.cn', NULL, NULL, 2, NULL, '', 'atg', 2, '1941-2', '', NULL, 1, 1, NULL, NULL, 102, '1,2,3', NULL, NULL, 1, '2014-08-26 17:59:05', '2015-02-13 10:09:18', '::1', 831370, NULL, 1, NULL, '111', '2014-11-03 16:45:43', NULL, NULL, NULL, NULL, NULL, NULL, NULL, NULL, NULL),
(33, 'miaomiao.zhang8@d8aspring.com', NULL, 1, 2, 'xujf@voyagegroup.com.cn', '', 'aaaa', 2, '1941-2', '18616399572', 1, 2, 7, 15, 1, 101, '1,2,3,4,6,7,8,9,10,11,12', '只有勇敢把握机会，你才会创造幸福。。。', '333333333333333333', 1, '2015-03-04 10:33:10', '2015-11-13 11:09:27', '::1', 11541, 1, 0, 'uploads/user/91/1377046582_2187.jpeg', '111', NULL, 1, '59.175.162.242', 'Mozilla/5.0 (Windows NT 6.1) AppleWebKit/537.36 (KHTML, like Gecko) Chrome/31.0.1650.63 Safari/537.36', '23123', NULL, NULL, NULL, NULL, NULL),
(34, 'miaomiao.zhang1@d8aspring.com', NULL, 1, 2, 'xujf@voyagegroup.com.cn', '', 'ayn', 2, '1941-2', '18616399572', 1, 2, 7, 15, 1, 101, '1,2,3,4,6,7,8,9,10,11,12', '只有勇敢把握机会，你才会创造幸福。。。', '333333333333333333', 1, '2015-03-04 10:33:10', '2015-11-13 11:09:27', '::1', 11541, 0, 0, 'uploads/user/91/1377046582_2187.jpeg', '111', NULL, 1, '59.175.162.242', 'Mozilla/5.0 (Windows NT 6.1) AppleWebKit/537.36 (KHTML, like Gecko) Chrome/31.0.1650.63 Safari/537.36', '23123', NULL, NULL, NULL, NULL, NULL),
(35, 'zhangmm1@ec-navi.com.cn', '38a124223e4c09ed42b9a16b320a3dbbb29b4776', NULL, 0, NULL, '', 'aaa', 2, NULL, 'bbb', NULL, NULL, NULL, NULL, NULL, NULL, NULL, NULL, NULL, 1, '2014-05-09 09:33:06', '2014-05-29 16:13:26', '::1', 4000095, NULL, 0, NULL, NULL, NULL, NULL, NULL, NULL, NULL, NULL, NULL, NULL, NULL, NULL),
(36, '854799320dsdsd@qq.com', '', NULL, 0, NULL, '', 'aaa', NULL, NULL, 'bbb', NULL, NULL, NULL, NULL, NULL, NULL, NULL, NULL, NULL, 1, '2014-05-09 09:33:06', '2014-05-29 16:13:26', '::1', 4000095, 1, 0, NULL, NULL, NULL, NULL, NULL, NULL, NULL, NULL, NULL, NULL, NULL, NULL),
(37, '8547992222@qq.com', '', NULL, 0, NULL, '', 'abc', NULL, NULL, 'bbb', NULL, NULL, NULL, NULL, NULL, NULL, NULL, NULL, NULL, 1, '2014-05-09 09:33:06', '2014-05-29 16:13:26', '::1', 4000095, 1, 0, NULL, NULL, NULL, NULL, NULL, NULL, NULL, NULL, NULL, NULL, NULL, NULL),
(38, 'miaomiao.zhang2@d8aspring.com', NULL, 1, 2, 'xujf@voyagegroup.com.cn', '', 'zh''adm,ngmm', 2, '1941-2', '18616399572', 1, 2, 7, 15, 1, 101, '1,2,3,4,6,7,8,9,10,11,12', '只有勇敢把握机会，你才会创造幸福。。。', '333333333333333333', 1, '2015-03-04 10:33:10', '2015-11-13 11:09:27', '::1', 11541, 0, 0, 'uploads/user/91/1377046582_2187.jpeg', '111', NULL, 1, '59.175.162.242', 'Mozilla/5.0 (Windows NT 6.1) AppleWebKit/537.36 (KHTML, like Gecko) Chrome/31.0.1650.63 Safari/537.36', '23123', NULL, NULL, NULL, NULL, NULL),
(39, 'miaomiao.zhang3@d8aspring.com', NULL, 1, 2, 'xujf@voyagegroup.com.cn', '', 'zh''adm,ngmm', 2, '1941-2', '18616399572', 1, 2, 7, 15, 1, 101, '1,2,3,4,6,7,8,9,10,11,12', '只有勇敢把握机会，你才会创造幸福。。。', '333333333333333333', 1, '2015-03-04 10:33:10', '2015-11-13 11:09:27', '::1', 11541, 0, 0, 'uploads/user/91/1377046582_2187.jpeg', '111', NULL, 1, '59.175.162.242', 'Mozilla/5.0 (Windows NT 6.1) AppleWebKit/537.36 (KHTML, like Gecko) Chrome/31.0.1650.63 Safari/537.36', '23123', NULL, NULL, NULL, NULL, NULL),
(40, 'miaomiao.zhang4@d8aspring.com', NULL, 1, 2, 'xujf@voyagegroup.com.cn', '', 'zh''adm,ngmm', 2, '1941-2', '18616399572', 1, 2, 7, 15, 1, 101, '1,2,3,4,6,7,8,9,10,11,12', '只有勇敢把握机会，你才会创造幸福。。。', '333333333333333333', 1, '2015-03-04 10:33:10', '2015-11-13 11:09:27', '::1', 11541, 0, 0, 'uploads/user/91/1377046582_2187.jpeg', '111', NULL, 1, '59.175.162.242', 'Mozilla/5.0 (Windows NT 6.1) AppleWebKit/537.36 (KHTML, like Gecko) Chrome/31.0.1650.63 Safari/537.36', '23123', NULL, NULL, NULL, NULL, NULL),
(41, 'miaomiao.zhang5@d8aspring.com', NULL, 1, 2, 'xujf@voyagegroup.com.cn', '', '111', 2, '1941-2', '18616399572', 1, 2, 7, 15, 1, 101, '1,2,3,4,6,7,8,9,10,11,12', '只有勇敢把握机会，你才会创造幸福。。。', '333333333333333333', 1, '2015-03-04 10:33:10', '2015-11-13 11:09:27', '::1', 11541, 0, 0, 'uploads/user/91/1377046582_2187.jpeg', '111', NULL, 1, '59.175.162.242', 'Mozilla/5.0 (Windows NT 6.1) AppleWebKit/537.36 (KHTML, like Gecko) Chrome/31.0.1650.63 Safari/537.36', '23123', NULL, NULL, NULL, NULL, NULL),
(42, 'miaomiao.zhang6@d8aspring.com', NULL, 1, 2, 'xujf@voyagegroup.com.cn', '', 'bb', 2, '2015-12-09', '18616399573', 1, 2, 7, 15, 1, 101, '1,2,3,4,6,7,8,9,10,11,12', '只有勇敢把握机会，你才会创造幸福。。。', '333333333333333333', 1, '2015-03-04 10:33:10', '2015-11-13 11:09:27', '::1', 11541, 1, 0, 'uploads/user/91/1377046582_2187.jpeg', '111', NULL, 1, '59.175.162.242', 'Mozilla/5.0 (Windows NT 6.1) AppleWebKit/537.36 (KHTML, like Gecko) Chrome/31.0.1650.63 Safari/537.36', '23123', NULL, NULL, NULL, NULL, NULL),
(43, 'miaomiao.zhang7@d8aspring.com', NULL, 1, 2, 'xujf@voyagegroup.com.cn', '', 'aaaa', 2, '1941-2', '18616399572', 1, 2, 7, 15, 1, 101, '1,2,3,4,6,7,8,9,10,11,12', '只有勇敢把握机会，你才会创造幸福。。。', '333333333333333333', 1, '2015-03-04 10:33:10', '2015-11-13 11:09:27', '::1', 11541, 1, 0, 'uploads/user/91/1377046582_2187.jpeg', '111', NULL, 1, '59.175.162.242', 'Mozilla/5.0 (Windows NT 6.1) AppleWebKit/537.36 (KHTML, like Gecko) Chrome/31.0.1650.63 Safari/537.36', '23123', NULL, NULL, NULL, NULL, NULL),
(44, 'miaomiao.zhang@d8aspring.com', '38a124223e4c09ed42b9a16b320a3dbbb29b4776', NULL, NULL, NULL, '', 'aaa', 1, '1981-09-18', '11111111111', NULL, NULL, NULL, NULL, NULL, NULL, '1,2,3', 'sdfasdf', NULL, 1, '2014-05-09 09:33:06', '2015-12-09 16:38:15', '::1', 4000096, 1, 0, 'uploads/user/37/1449650504_4011.jpeg', NULL, NULL, NULL, NULL, NULL, NULL, NULL, 'sdgsdt', 'sdh34swsrg', 0, 0);

INSERT INTO `ad_category` (`id`, `category_name`, `asp`, `display_name`) VALUES
(1, 'CPA', NULL, '广告体验'),
(2, 'CPS', 'chanet', '购物返利'),
(3, NULL, NULL, '游戏广告'),
(4, NULL, NULL, '游戏积分码'),
(5, NULL, NULL, '游戏通关'),
(6, NULL, NULL, '游戏排名'),
(7, NULL, NULL, '游戏全勤'),
(8, NULL, NULL, '91问问积分'),
(9, NULL, NULL, '完善资料'),
(10, NULL, NULL, '亚马逊礼品卡'),
(11, NULL, NULL, '支付宝'),
(12, NULL, NULL, '手机费'),
(13, NULL, NULL, '91问问兑换米粒'),
(14, NULL, NULL, '名片录力'),
(15, NULL, NULL, '积分失效'),
(16, NULL, NULL, '每天签到'),
(17, 'OfferWow', NULL, '体验广告'),
(18, 'Offer99', NULL, '体验广告'),
(19, 'cps', 'emar', '购物返利'),
(20, 'cpa', 'emar', '亿玛活动'),
(21, NULL, NULL, '活动送积分'),
(22, 'bangwoya', '天芒云', '体验广告'),
(23, 'cps', 'duomai', '购物返利'),
(24, '', NULL, '流量包'),
(30, 'game', '91jili', '游戏寻宝箱'),
(31, 'game', '91jili', '游戏砸金蛋'),
(90, NULL, NULL, '手动返还积分'),
(91, 'system', NULL, '米粒误发修改'),
(92, 'questionnaire_cost', '91wenwen', '问卷回答'),
(93, 'questionnaire_expense', '91wenwen', '快速问答');

INSERT INTO `point_history01` (`id`, `user_id`, `point_change_num`, `reason`, `create_time`) VALUES 
(31,31,1,1,'2014-03-04 00:04:28'),
(32,31,10,2,'2014-03-04 00:05:24'),
(33,31,20,3,'2014-03-04 00:06:21'),
(34,31,30,4,'2014-03-04 00:13:03'),
(35,31,40,5,'2014-03-04 00:14:03'),
(36,31,50,6,'2014-03-04 00:15:28'),
(37,31,60,7,'2014-03-04 00:19:06'),
(38,32,1,8,'2014-03-04 00:24:39'),
(39,32,1,9,'2014-03-04 00:24:44'),
(40,32,1,10,'2014-03-04 00:25:25'),
(41,32,1,11,'2014-03-04 00:29:46'),
(42,32,1,12,'2014-03-04 00:31:53');


INSERT INTO `sop_respondent` (`id`, `user_id`, `status_flag`, `stash_data`, `updated_at`, `created_at`) VALUES
(1, 31, NULL, NULL, NULL, NULL);

INSERT INTO `hobby_list` (`id`, `hobby_name`) VALUES
(1, '上网'),
(2, '音乐'),
(3, '旅游'),
(4, '购物'),
(5, '运动'),
(6, '看书'),
(7, '游戏'),
(8, '娱乐'),
(9, '影视'),
(10, '动漫'),
(11, '时尚'),
(12, '艺术');